--------------------------------------------------------
--  File created - Thursday-February-05-2026   
--------------------------------------------------------
REM INSERTING into ATTENDANCE
SET DEFINE OFF;
Insert into ATTENDANCE (ATTENDANCE_ID,ENROLLMENT_ID,ATTENDANCE_PERCENTAGE,STATUS) values (1,1,98.96,'Partial');
Insert into ATTENDANCE (ATTENDANCE_ID,ENROLLMENT_ID,ATTENDANCE_PERCENTAGE,STATUS) values (2,2,51.31,'Partial');
Insert into ATTENDANCE (ATTENDANCE_ID,ENROLLMENT_ID,ATTENDANCE_PERCENTAGE,STATUS) values (3,3,79.16,'Absent');
Insert into ATTENDANCE (ATTENDANCE_ID,ENROLLMENT_ID,ATTENDANCE_PERCENTAGE,STATUS) values (4,4,58.4,'Partial');
Insert into ATTENDANCE (ATTENDANCE_ID,ENROLLMENT_ID,ATTENDANCE_PERCENTAGE,STATUS) values (5,5,46.5,'Partial');
Insert into ATTENDANCE (ATTENDANCE_ID,ENROLLMENT_ID,ATTENDANCE_PERCENTAGE,STATUS) values (6,6,82.06,'Partial');
Insert into ATTENDANCE (ATTENDANCE_ID,ENROLLMENT_ID,ATTENDANCE_PERCENTAGE,STATUS) values (7,7,67.45,'Present');
Insert into ATTENDANCE (ATTENDANCE_ID,ENROLLMENT_ID,ATTENDANCE_PERCENTAGE,STATUS) values (8,8,95.53,'Present');
Insert into ATTENDANCE (ATTENDANCE_ID,ENROLLMENT_ID,ATTENDANCE_PERCENTAGE,STATUS) values (9,9,97.17,'Partial');
Insert into ATTENDANCE (ATTENDANCE_ID,ENROLLMENT_ID,ATTENDANCE_PERCENTAGE,STATUS) values (10,10,96.79,'Partial');
Insert into ATTENDANCE (ATTENDANCE_ID,ENROLLMENT_ID,ATTENDANCE_PERCENTAGE,STATUS) values (11,11,49.8,'Present');
Insert into ATTENDANCE (ATTENDANCE_ID,ENROLLMENT_ID,ATTENDANCE_PERCENTAGE,STATUS) values (12,12,41.57,'Present');
Insert into ATTENDANCE (ATTENDANCE_ID,ENROLLMENT_ID,ATTENDANCE_PERCENTAGE,STATUS) values (13,13,80.04,'Partial');
Insert into ATTENDANCE (ATTENDANCE_ID,ENROLLMENT_ID,ATTENDANCE_PERCENTAGE,STATUS) values (14,14,90.32,'Present');
Insert into ATTENDANCE (ATTENDANCE_ID,ENROLLMENT_ID,ATTENDANCE_PERCENTAGE,STATUS) values (15,15,77.39,'Present');
Insert into ATTENDANCE (ATTENDANCE_ID,ENROLLMENT_ID,ATTENDANCE_PERCENTAGE,STATUS) values (16,16,74.25,'Partial');
Insert into ATTENDANCE (ATTENDANCE_ID,ENROLLMENT_ID,ATTENDANCE_PERCENTAGE,STATUS) values (17,17,75.29,'Present');
Insert into ATTENDANCE (ATTENDANCE_ID,ENROLLMENT_ID,ATTENDANCE_PERCENTAGE,STATUS) values (18,18,81.21,'Partial');
Insert into ATTENDANCE (ATTENDANCE_ID,ENROLLMENT_ID,ATTENDANCE_PERCENTAGE,STATUS) values (19,19,40.51,'Partial');
Insert into ATTENDANCE (ATTENDANCE_ID,ENROLLMENT_ID,ATTENDANCE_PERCENTAGE,STATUS) values (20,20,69.63,'Partial');
Insert into ATTENDANCE (ATTENDANCE_ID,ENROLLMENT_ID,ATTENDANCE_PERCENTAGE,STATUS) values (21,21,68.31,'Partial');
Insert into ATTENDANCE (ATTENDANCE_ID,ENROLLMENT_ID,ATTENDANCE_PERCENTAGE,STATUS) values (22,22,63.82,'Partial');
Insert into ATTENDANCE (ATTENDANCE_ID,ENROLLMENT_ID,ATTENDANCE_PERCENTAGE,STATUS) values (23,23,70.9,'Present');
Insert into ATTENDANCE (ATTENDANCE_ID,ENROLLMENT_ID,ATTENDANCE_PERCENTAGE,STATUS) values (24,24,80.73,'Present');
Insert into ATTENDANCE (ATTENDANCE_ID,ENROLLMENT_ID,ATTENDANCE_PERCENTAGE,STATUS) values (25,25,83.8,'Present');
Insert into ATTENDANCE (ATTENDANCE_ID,ENROLLMENT_ID,ATTENDANCE_PERCENTAGE,STATUS) values (26,26,67.86,'Partial');
Insert into ATTENDANCE (ATTENDANCE_ID,ENROLLMENT_ID,ATTENDANCE_PERCENTAGE,STATUS) values (27,27,80.18,'Present');
Insert into ATTENDANCE (ATTENDANCE_ID,ENROLLMENT_ID,ATTENDANCE_PERCENTAGE,STATUS) values (28,28,56.31,'Partial');
Insert into ATTENDANCE (ATTENDANCE_ID,ENROLLMENT_ID,ATTENDANCE_PERCENTAGE,STATUS) values (29,29,42.74,'Partial');
Insert into ATTENDANCE (ATTENDANCE_ID,ENROLLMENT_ID,ATTENDANCE_PERCENTAGE,STATUS) values (30,30,93.82,'Present');
Insert into ATTENDANCE (ATTENDANCE_ID,ENROLLMENT_ID,ATTENDANCE_PERCENTAGE,STATUS) values (31,31,56.52,'Present');
Insert into ATTENDANCE (ATTENDANCE_ID,ENROLLMENT_ID,ATTENDANCE_PERCENTAGE,STATUS) values (32,32,69.38,'Present');
Insert into ATTENDANCE (ATTENDANCE_ID,ENROLLMENT_ID,ATTENDANCE_PERCENTAGE,STATUS) values (33,33,53.4,'Partial');
Insert into ATTENDANCE (ATTENDANCE_ID,ENROLLMENT_ID,ATTENDANCE_PERCENTAGE,STATUS) values (34,34,65.35,'Present');
Insert into ATTENDANCE (ATTENDANCE_ID,ENROLLMENT_ID,ATTENDANCE_PERCENTAGE,STATUS) values (35,35,43.86,'Partial');
Insert into ATTENDANCE (ATTENDANCE_ID,ENROLLMENT_ID,ATTENDANCE_PERCENTAGE,STATUS) values (36,36,61.23,'Partial');
Insert into ATTENDANCE (ATTENDANCE_ID,ENROLLMENT_ID,ATTENDANCE_PERCENTAGE,STATUS) values (37,37,79.56,'Partial');
Insert into ATTENDANCE (ATTENDANCE_ID,ENROLLMENT_ID,ATTENDANCE_PERCENTAGE,STATUS) values (38,38,87.92,'Partial');
Insert into ATTENDANCE (ATTENDANCE_ID,ENROLLMENT_ID,ATTENDANCE_PERCENTAGE,STATUS) values (39,39,61.4,'Present');
Insert into ATTENDANCE (ATTENDANCE_ID,ENROLLMENT_ID,ATTENDANCE_PERCENTAGE,STATUS) values (40,40,94.82,'Partial');
Insert into ATTENDANCE (ATTENDANCE_ID,ENROLLMENT_ID,ATTENDANCE_PERCENTAGE,STATUS) values (41,41,75.33,'Present');
Insert into ATTENDANCE (ATTENDANCE_ID,ENROLLMENT_ID,ATTENDANCE_PERCENTAGE,STATUS) values (42,42,48.08,'Present');
Insert into ATTENDANCE (ATTENDANCE_ID,ENROLLMENT_ID,ATTENDANCE_PERCENTAGE,STATUS) values (43,43,44,'Present');
Insert into ATTENDANCE (ATTENDANCE_ID,ENROLLMENT_ID,ATTENDANCE_PERCENTAGE,STATUS) values (44,44,46.89,'Present');
Insert into ATTENDANCE (ATTENDANCE_ID,ENROLLMENT_ID,ATTENDANCE_PERCENTAGE,STATUS) values (45,45,90.3,'Partial');
Insert into ATTENDANCE (ATTENDANCE_ID,ENROLLMENT_ID,ATTENDANCE_PERCENTAGE,STATUS) values (46,46,98.07,'Partial');
Insert into ATTENDANCE (ATTENDANCE_ID,ENROLLMENT_ID,ATTENDANCE_PERCENTAGE,STATUS) values (47,47,87.66,'Partial');
Insert into ATTENDANCE (ATTENDANCE_ID,ENROLLMENT_ID,ATTENDANCE_PERCENTAGE,STATUS) values (48,48,95.33,'Partial');
Insert into ATTENDANCE (ATTENDANCE_ID,ENROLLMENT_ID,ATTENDANCE_PERCENTAGE,STATUS) values (49,49,58.01,'Absent');
Insert into ATTENDANCE (ATTENDANCE_ID,ENROLLMENT_ID,ATTENDANCE_PERCENTAGE,STATUS) values (50,50,67.02,'Partial');
Insert into ATTENDANCE (ATTENDANCE_ID,ENROLLMENT_ID,ATTENDANCE_PERCENTAGE,STATUS) values (51,51,98.15,'Present');
Insert into ATTENDANCE (ATTENDANCE_ID,ENROLLMENT_ID,ATTENDANCE_PERCENTAGE,STATUS) values (52,52,70.5,'Absent');
Insert into ATTENDANCE (ATTENDANCE_ID,ENROLLMENT_ID,ATTENDANCE_PERCENTAGE,STATUS) values (53,53,44.72,'Present');
Insert into ATTENDANCE (ATTENDANCE_ID,ENROLLMENT_ID,ATTENDANCE_PERCENTAGE,STATUS) values (54,54,61.49,'Partial');
Insert into ATTENDANCE (ATTENDANCE_ID,ENROLLMENT_ID,ATTENDANCE_PERCENTAGE,STATUS) values (55,55,45.66,'Partial');
Insert into ATTENDANCE (ATTENDANCE_ID,ENROLLMENT_ID,ATTENDANCE_PERCENTAGE,STATUS) values (56,56,62.38,'Absent');
Insert into ATTENDANCE (ATTENDANCE_ID,ENROLLMENT_ID,ATTENDANCE_PERCENTAGE,STATUS) values (57,57,59.12,'Partial');
Insert into ATTENDANCE (ATTENDANCE_ID,ENROLLMENT_ID,ATTENDANCE_PERCENTAGE,STATUS) values (58,58,45.72,'Partial');
Insert into ATTENDANCE (ATTENDANCE_ID,ENROLLMENT_ID,ATTENDANCE_PERCENTAGE,STATUS) values (59,59,44.74,'Partial');
Insert into ATTENDANCE (ATTENDANCE_ID,ENROLLMENT_ID,ATTENDANCE_PERCENTAGE,STATUS) values (60,60,45.87,'Partial');
Insert into ATTENDANCE (ATTENDANCE_ID,ENROLLMENT_ID,ATTENDANCE_PERCENTAGE,STATUS) values (61,61,79.86,'Present');
Insert into ATTENDANCE (ATTENDANCE_ID,ENROLLMENT_ID,ATTENDANCE_PERCENTAGE,STATUS) values (62,62,95.64,'Partial');
Insert into ATTENDANCE (ATTENDANCE_ID,ENROLLMENT_ID,ATTENDANCE_PERCENTAGE,STATUS) values (63,63,74.51,'Partial');
Insert into ATTENDANCE (ATTENDANCE_ID,ENROLLMENT_ID,ATTENDANCE_PERCENTAGE,STATUS) values (64,64,97.93,'Partial');
Insert into ATTENDANCE (ATTENDANCE_ID,ENROLLMENT_ID,ATTENDANCE_PERCENTAGE,STATUS) values (65,65,80.43,'Partial');
Insert into ATTENDANCE (ATTENDANCE_ID,ENROLLMENT_ID,ATTENDANCE_PERCENTAGE,STATUS) values (66,66,90.41,'Present');
Insert into ATTENDANCE (ATTENDANCE_ID,ENROLLMENT_ID,ATTENDANCE_PERCENTAGE,STATUS) values (67,67,77.74,'Present');
Insert into ATTENDANCE (ATTENDANCE_ID,ENROLLMENT_ID,ATTENDANCE_PERCENTAGE,STATUS) values (68,68,95.98,'Partial');
Insert into ATTENDANCE (ATTENDANCE_ID,ENROLLMENT_ID,ATTENDANCE_PERCENTAGE,STATUS) values (69,69,85.52,'Present');
Insert into ATTENDANCE (ATTENDANCE_ID,ENROLLMENT_ID,ATTENDANCE_PERCENTAGE,STATUS) values (70,70,53.93,'Present');
Insert into ATTENDANCE (ATTENDANCE_ID,ENROLLMENT_ID,ATTENDANCE_PERCENTAGE,STATUS) values (71,71,56.89,'Partial');
Insert into ATTENDANCE (ATTENDANCE_ID,ENROLLMENT_ID,ATTENDANCE_PERCENTAGE,STATUS) values (72,72,87.56,'Present');
Insert into ATTENDANCE (ATTENDANCE_ID,ENROLLMENT_ID,ATTENDANCE_PERCENTAGE,STATUS) values (73,73,91.44,'Present');
Insert into ATTENDANCE (ATTENDANCE_ID,ENROLLMENT_ID,ATTENDANCE_PERCENTAGE,STATUS) values (74,74,92.21,'Present');
Insert into ATTENDANCE (ATTENDANCE_ID,ENROLLMENT_ID,ATTENDANCE_PERCENTAGE,STATUS) values (75,75,67.73,'Present');
Insert into ATTENDANCE (ATTENDANCE_ID,ENROLLMENT_ID,ATTENDANCE_PERCENTAGE,STATUS) values (76,76,95.1,'Partial');
Insert into ATTENDANCE (ATTENDANCE_ID,ENROLLMENT_ID,ATTENDANCE_PERCENTAGE,STATUS) values (77,77,95,'Present');
Insert into ATTENDANCE (ATTENDANCE_ID,ENROLLMENT_ID,ATTENDANCE_PERCENTAGE,STATUS) values (78,78,85.27,'Present');
Insert into ATTENDANCE (ATTENDANCE_ID,ENROLLMENT_ID,ATTENDANCE_PERCENTAGE,STATUS) values (79,79,77.8,'Present');
Insert into ATTENDANCE (ATTENDANCE_ID,ENROLLMENT_ID,ATTENDANCE_PERCENTAGE,STATUS) values (80,80,57.92,'Present');
Insert into ATTENDANCE (ATTENDANCE_ID,ENROLLMENT_ID,ATTENDANCE_PERCENTAGE,STATUS) values (81,81,85.47,'Absent');
Insert into ATTENDANCE (ATTENDANCE_ID,ENROLLMENT_ID,ATTENDANCE_PERCENTAGE,STATUS) values (82,82,41.14,'Present');
Insert into ATTENDANCE (ATTENDANCE_ID,ENROLLMENT_ID,ATTENDANCE_PERCENTAGE,STATUS) values (83,83,91.4,'Partial');
Insert into ATTENDANCE (ATTENDANCE_ID,ENROLLMENT_ID,ATTENDANCE_PERCENTAGE,STATUS) values (84,84,72.87,'Partial');
Insert into ATTENDANCE (ATTENDANCE_ID,ENROLLMENT_ID,ATTENDANCE_PERCENTAGE,STATUS) values (85,85,64.11,'Partial');
Insert into ATTENDANCE (ATTENDANCE_ID,ENROLLMENT_ID,ATTENDANCE_PERCENTAGE,STATUS) values (86,86,42.64,'Present');
Insert into ATTENDANCE (ATTENDANCE_ID,ENROLLMENT_ID,ATTENDANCE_PERCENTAGE,STATUS) values (87,87,90.15,'Partial');
Insert into ATTENDANCE (ATTENDANCE_ID,ENROLLMENT_ID,ATTENDANCE_PERCENTAGE,STATUS) values (88,88,55.66,'Partial');
Insert into ATTENDANCE (ATTENDANCE_ID,ENROLLMENT_ID,ATTENDANCE_PERCENTAGE,STATUS) values (89,89,43.46,'Present');
Insert into ATTENDANCE (ATTENDANCE_ID,ENROLLMENT_ID,ATTENDANCE_PERCENTAGE,STATUS) values (90,90,72.28,'Present');
Insert into ATTENDANCE (ATTENDANCE_ID,ENROLLMENT_ID,ATTENDANCE_PERCENTAGE,STATUS) values (91,91,77.05,'Partial');
Insert into ATTENDANCE (ATTENDANCE_ID,ENROLLMENT_ID,ATTENDANCE_PERCENTAGE,STATUS) values (92,92,43.44,'Partial');
REM INSERTING into CGPA_RECORD
SET DEFINE OFF;
REM INSERTING into COURSE
SET DEFINE OFF;
Insert into COURSE (COURSE_ID,COURSE_CODE,COURSE_NAME,CREDIT_HOURS,PROGRAM_ID) values (301,'CS-101','Programming Fundamentals',3,101);
Insert into COURSE (COURSE_ID,COURSE_CODE,COURSE_NAME,CREDIT_HOURS,PROGRAM_ID) values (302,'CS-102','Database Systems',3,101);
Insert into COURSE (COURSE_ID,COURSE_CODE,COURSE_NAME,CREDIT_HOURS,PROGRAM_ID) values (303,'CS-201','Data Structures',3,101);
Insert into COURSE (COURSE_ID,COURSE_CODE,COURSE_NAME,CREDIT_HOURS,PROGRAM_ID) values (1,'CS-101','Introduction to Programming',3,101);
Insert into COURSE (COURSE_ID,COURSE_CODE,COURSE_NAME,CREDIT_HOURS,PROGRAM_ID) values (2,'CS-102','Data Structures',4,101);
Insert into COURSE (COURSE_ID,COURSE_CODE,COURSE_NAME,CREDIT_HOURS,PROGRAM_ID) values (3,'CS-201','Database Systems',3,101);
Insert into COURSE (COURSE_ID,COURSE_CODE,COURSE_NAME,CREDIT_HOURS,PROGRAM_ID) values (4,'CS-202','Operating Systems',4,101);
Insert into COURSE (COURSE_ID,COURSE_CODE,COURSE_NAME,CREDIT_HOURS,PROGRAM_ID) values (5,'CS-301','Computer Networks',3,102);
Insert into COURSE (COURSE_ID,COURSE_CODE,COURSE_NAME,CREDIT_HOURS,PROGRAM_ID) values (6,'CS-302','Software Engineering',3,102);
Insert into COURSE (COURSE_ID,COURSE_CODE,COURSE_NAME,CREDIT_HOURS,PROGRAM_ID) values (7,'IT-101','IT Fundamentals',3,103);
Insert into COURSE (COURSE_ID,COURSE_CODE,COURSE_NAME,CREDIT_HOURS,PROGRAM_ID) values (8,'IT-201','Web Development',4,101);
Insert into COURSE (COURSE_ID,COURSE_CODE,COURSE_NAME,CREDIT_HOURS,PROGRAM_ID) values (9,'BBA-101','Principles of Management',3,201);
Insert into COURSE (COURSE_ID,COURSE_CODE,COURSE_NAME,CREDIT_HOURS,PROGRAM_ID) values (10,'BBA-201','Marketing Management',3,201);
REM INSERTING into COURSE_ASSIGNED
SET DEFINE OFF;
Insert into COURSE_ASSIGNED (ID,COURSE_ID,FACULTY_ID,SEMESTER_ID,ACAD_YEAR,SECTION) values (1,301,2,1,'2024-25','A');
Insert into COURSE_ASSIGNED (ID,COURSE_ID,FACULTY_ID,SEMESTER_ID,ACAD_YEAR,SECTION) values (2,302,3,1,'2024-25','A');
Insert into COURSE_ASSIGNED (ID,COURSE_ID,FACULTY_ID,SEMESTER_ID,ACAD_YEAR,SECTION) values (3,303,3,1,'2024-25','A');
Insert into COURSE_ASSIGNED (ID,COURSE_ID,FACULTY_ID,SEMESTER_ID,ACAD_YEAR,SECTION) values (4,1,4,1,'2024-25','A');
Insert into COURSE_ASSIGNED (ID,COURSE_ID,FACULTY_ID,SEMESTER_ID,ACAD_YEAR,SECTION) values (5,2,5,1,'2024-25','A');
Insert into COURSE_ASSIGNED (ID,COURSE_ID,FACULTY_ID,SEMESTER_ID,ACAD_YEAR,SECTION) values (6,3,6,1,'2024-25','A');
Insert into COURSE_ASSIGNED (ID,COURSE_ID,FACULTY_ID,SEMESTER_ID,ACAD_YEAR,SECTION) values (7,4,7,1,'2024-25','A');
Insert into COURSE_ASSIGNED (ID,COURSE_ID,FACULTY_ID,SEMESTER_ID,ACAD_YEAR,SECTION) values (8,5,8,1,'2024-25','A');
Insert into COURSE_ASSIGNED (ID,COURSE_ID,FACULTY_ID,SEMESTER_ID,ACAD_YEAR,SECTION) values (9,6,9,1,'2024-25','A');
Insert into COURSE_ASSIGNED (ID,COURSE_ID,FACULTY_ID,SEMESTER_ID,ACAD_YEAR,SECTION) values (10,7,10,1,'2024-25','A');
Insert into COURSE_ASSIGNED (ID,COURSE_ID,FACULTY_ID,SEMESTER_ID,ACAD_YEAR,SECTION) values (11,8,11,1,'2024-25','A');
Insert into COURSE_ASSIGNED (ID,COURSE_ID,FACULTY_ID,SEMESTER_ID,ACAD_YEAR,SECTION) values (12,9,12,1,'2024-25','A');
Insert into COURSE_ASSIGNED (ID,COURSE_ID,FACULTY_ID,SEMESTER_ID,ACAD_YEAR,SECTION) values (13,10,13,1,'2024-25','A');
Insert into COURSE_ASSIGNED (ID,COURSE_ID,FACULTY_ID,SEMESTER_ID,ACAD_YEAR,SECTION) values (14,301,14,2,'2024-25','A');
Insert into COURSE_ASSIGNED (ID,COURSE_ID,FACULTY_ID,SEMESTER_ID,ACAD_YEAR,SECTION) values (15,302,15,2,'2024-25','A');
Insert into COURSE_ASSIGNED (ID,COURSE_ID,FACULTY_ID,SEMESTER_ID,ACAD_YEAR,SECTION) values (16,303,16,2,'2024-25','A');
Insert into COURSE_ASSIGNED (ID,COURSE_ID,FACULTY_ID,SEMESTER_ID,ACAD_YEAR,SECTION) values (17,1,17,2,'2024-25','A');
Insert into COURSE_ASSIGNED (ID,COURSE_ID,FACULTY_ID,SEMESTER_ID,ACAD_YEAR,SECTION) values (18,2,18,2,'2024-25','A');
Insert into COURSE_ASSIGNED (ID,COURSE_ID,FACULTY_ID,SEMESTER_ID,ACAD_YEAR,SECTION) values (19,3,19,2,'2024-25','A');
Insert into COURSE_ASSIGNED (ID,COURSE_ID,FACULTY_ID,SEMESTER_ID,ACAD_YEAR,SECTION) values (20,4,20,2,'2024-25','A');
Insert into COURSE_ASSIGNED (ID,COURSE_ID,FACULTY_ID,SEMESTER_ID,ACAD_YEAR,SECTION) values (21,5,1,3,'2024-25','A');
Insert into COURSE_ASSIGNED (ID,COURSE_ID,FACULTY_ID,SEMESTER_ID,ACAD_YEAR,SECTION) values (22,6,2,3,'2024-25','A');
Insert into COURSE_ASSIGNED (ID,COURSE_ID,FACULTY_ID,SEMESTER_ID,ACAD_YEAR,SECTION) values (23,7,3,3,'2024-25','A');
Insert into COURSE_ASSIGNED (ID,COURSE_ID,FACULTY_ID,SEMESTER_ID,ACAD_YEAR,SECTION) values (24,8,4,3,'2024-25','A');
Insert into COURSE_ASSIGNED (ID,COURSE_ID,FACULTY_ID,SEMESTER_ID,ACAD_YEAR,SECTION) values (25,9,5,3,'2024-25','A');
Insert into COURSE_ASSIGNED (ID,COURSE_ID,FACULTY_ID,SEMESTER_ID,ACAD_YEAR,SECTION) values (26,10,6,3,'2024-25','A');
REM INSERTING into DEPARTMENT
SET DEFINE OFF;
Insert into DEPARTMENT (DEPT_ID,DEPT_NAME,BUILDING) values (1,'Computer Science / IT','IT Block');
Insert into DEPARTMENT (DEPT_ID,DEPT_NAME,BUILDING) values (2,'Management Sciences','Admin Block');
Insert into DEPARTMENT (DEPT_ID,DEPT_NAME,BUILDING) values (3,'Social Sciences','Arts Block');
Insert into DEPARTMENT (DEPT_ID,DEPT_NAME,BUILDING) values (4,'Natural Sciences','Science Block');
Insert into DEPARTMENT (DEPT_ID,DEPT_NAME,BUILDING) values (5,'Education','Education Block');
Insert into DEPARTMENT (DEPT_ID,DEPT_NAME,BUILDING) values (6,'Languages','Humanities Block');
Insert into DEPARTMENT (DEPT_ID,DEPT_NAME,BUILDING) values (7,'Agriculture','Agriculture Block');
Insert into DEPARTMENT (DEPT_ID,DEPT_NAME,BUILDING) values (8,'Chemistry','Science Block');
Insert into DEPARTMENT (DEPT_ID,DEPT_NAME,BUILDING) values (9,'Biological Sciences','Science Block');
Insert into DEPARTMENT (DEPT_ID,DEPT_NAME,BUILDING) values (10,'Psychology','Arts Block');
Insert into DEPARTMENT (DEPT_ID,DEPT_NAME,BUILDING) values (11,'Environmental Sciences','Science Block');
Insert into DEPARTMENT (DEPT_ID,DEPT_NAME,BUILDING) values (12,'Food Sciences','Science Block');
Insert into DEPARTMENT (DEPT_ID,DEPT_NAME,BUILDING) values (13,'International Relations','Social Sciences Block');
Insert into DEPARTMENT (DEPT_ID,DEPT_NAME,BUILDING) values (14,'Islamic Studies','Arts Block');
Insert into DEPARTMENT (DEPT_ID,DEPT_NAME,BUILDING) values (15,'Public Administration','Admin Block');
Insert into DEPARTMENT (DEPT_ID,DEPT_NAME,BUILDING) values (16,'Mathematics','Science Block');
Insert into DEPARTMENT (DEPT_ID,DEPT_NAME,BUILDING) values (17,'Zoology','Science Block');
Insert into DEPARTMENT (DEPT_ID,DEPT_NAME,BUILDING) values (18,'Botany','Science Block');
Insert into DEPARTMENT (DEPT_ID,DEPT_NAME,BUILDING) values (19,'Urdu','Humanities Block');
Insert into DEPARTMENT (DEPT_ID,DEPT_NAME,BUILDING) values (20,'Accounting and Finance','main block');
REM INSERTING into ENROLLMENT
SET DEFINE OFF;
Insert into ENROLLMENT (ENROLLMENT_ID,OFFERING_ID,SEMESTER_ID,ENROLLMENT_DATE,SR_NO) values (1,1,1,to_date('30-NOV-25','DD-MON-RR'),26);
Insert into ENROLLMENT (ENROLLMENT_ID,OFFERING_ID,SEMESTER_ID,ENROLLMENT_DATE,SR_NO) values (2,2,1,to_date('09-DEC-25','DD-MON-RR'),32);
Insert into ENROLLMENT (ENROLLMENT_ID,OFFERING_ID,SEMESTER_ID,ENROLLMENT_DATE,SR_NO) values (3,1,1,to_date('25-DEC-25','DD-MON-RR'),46);
Insert into ENROLLMENT (ENROLLMENT_ID,OFFERING_ID,SEMESTER_ID,ENROLLMENT_DATE,SR_NO) values (4,2,1,to_date('08-DEC-25','DD-MON-RR'),47);
Insert into ENROLLMENT (ENROLLMENT_ID,OFFERING_ID,SEMESTER_ID,ENROLLMENT_DATE,SR_NO) values (5,1,1,to_date('15-DEC-25','DD-MON-RR'),56);
Insert into ENROLLMENT (ENROLLMENT_ID,OFFERING_ID,SEMESTER_ID,ENROLLMENT_DATE,SR_NO) values (6,1,1,to_date('21-DEC-25','DD-MON-RR'),61);
Insert into ENROLLMENT (ENROLLMENT_ID,OFFERING_ID,SEMESTER_ID,ENROLLMENT_DATE,SR_NO) values (7,1,1,to_date('02-DEC-25','DD-MON-RR'),71);
Insert into ENROLLMENT (ENROLLMENT_ID,OFFERING_ID,SEMESTER_ID,ENROLLMENT_DATE,SR_NO) values (8,1,1,to_date('27-DEC-25','DD-MON-RR'),81);
Insert into ENROLLMENT (ENROLLMENT_ID,OFFERING_ID,SEMESTER_ID,ENROLLMENT_DATE,SR_NO) values (9,1,1,to_date('19-DEC-25','DD-MON-RR'),86);
Insert into ENROLLMENT (ENROLLMENT_ID,OFFERING_ID,SEMESTER_ID,ENROLLMENT_DATE,SR_NO) values (10,1,1,to_date('16-DEC-25','DD-MON-RR'),96);
Insert into ENROLLMENT (ENROLLMENT_ID,OFFERING_ID,SEMESTER_ID,ENROLLMENT_DATE,SR_NO) values (11,2,1,to_date('07-DEC-25','DD-MON-RR'),97);
Insert into ENROLLMENT (ENROLLMENT_ID,OFFERING_ID,SEMESTER_ID,ENROLLMENT_DATE,SR_NO) values (12,1,1,to_date('22-DEC-25','DD-MON-RR'),106);
Insert into ENROLLMENT (ENROLLMENT_ID,OFFERING_ID,SEMESTER_ID,ENROLLMENT_DATE,SR_NO) values (13,2,1,to_date('16-DEC-25','DD-MON-RR'),107);
Insert into ENROLLMENT (ENROLLMENT_ID,OFFERING_ID,SEMESTER_ID,ENROLLMENT_DATE,SR_NO) values (14,2,1,to_date('15-DEC-25','DD-MON-RR'),112);
Insert into ENROLLMENT (ENROLLMENT_ID,OFFERING_ID,SEMESTER_ID,ENROLLMENT_DATE,SR_NO) values (15,2,1,to_date('07-DEC-25','DD-MON-RR'),117);
Insert into ENROLLMENT (ENROLLMENT_ID,OFFERING_ID,SEMESTER_ID,ENROLLMENT_DATE,SR_NO) values (16,1,1,to_date('17-DEC-25','DD-MON-RR'),121);
Insert into ENROLLMENT (ENROLLMENT_ID,OFFERING_ID,SEMESTER_ID,ENROLLMENT_DATE,SR_NO) values (17,1,1,to_date('06-DEC-25','DD-MON-RR'),131);
Insert into ENROLLMENT (ENROLLMENT_ID,OFFERING_ID,SEMESTER_ID,ENROLLMENT_DATE,SR_NO) values (18,2,1,to_date('24-DEC-25','DD-MON-RR'),142);
Insert into ENROLLMENT (ENROLLMENT_ID,OFFERING_ID,SEMESTER_ID,ENROLLMENT_DATE,SR_NO) values (19,1,1,to_date('16-DEC-25','DD-MON-RR'),151);
Insert into ENROLLMENT (ENROLLMENT_ID,OFFERING_ID,SEMESTER_ID,ENROLLMENT_DATE,SR_NO) values (20,2,1,to_date('11-DEC-25','DD-MON-RR'),152);
Insert into ENROLLMENT (ENROLLMENT_ID,OFFERING_ID,SEMESTER_ID,ENROLLMENT_DATE,SR_NO) values (21,1,1,to_date('21-DEC-25','DD-MON-RR'),156);
Insert into ENROLLMENT (ENROLLMENT_ID,OFFERING_ID,SEMESTER_ID,ENROLLMENT_DATE,SR_NO) values (22,2,1,to_date('29-NOV-25','DD-MON-RR'),162);
Insert into ENROLLMENT (ENROLLMENT_ID,OFFERING_ID,SEMESTER_ID,ENROLLMENT_DATE,SR_NO) values (23,2,1,to_date('29-NOV-25','DD-MON-RR'),172);
Insert into ENROLLMENT (ENROLLMENT_ID,OFFERING_ID,SEMESTER_ID,ENROLLMENT_DATE,SR_NO) values (24,1,1,to_date('25-DEC-25','DD-MON-RR'),176);
Insert into ENROLLMENT (ENROLLMENT_ID,OFFERING_ID,SEMESTER_ID,ENROLLMENT_DATE,SR_NO) values (25,2,1,to_date('02-DEC-25','DD-MON-RR'),177);
Insert into ENROLLMENT (ENROLLMENT_ID,OFFERING_ID,SEMESTER_ID,ENROLLMENT_DATE,SR_NO) values (26,2,1,to_date('19-DEC-25','DD-MON-RR'),187);
Insert into ENROLLMENT (ENROLLMENT_ID,OFFERING_ID,SEMESTER_ID,ENROLLMENT_DATE,SR_NO) values (27,2,1,to_date('03-DEC-25','DD-MON-RR'),192);
Insert into ENROLLMENT (ENROLLMENT_ID,OFFERING_ID,SEMESTER_ID,ENROLLMENT_DATE,SR_NO) values (28,2,1,to_date('07-DEC-25','DD-MON-RR'),197);
Insert into ENROLLMENT (ENROLLMENT_ID,OFFERING_ID,SEMESTER_ID,ENROLLMENT_DATE,SR_NO) values (29,1,1,to_date('17-DEC-25','DD-MON-RR'),201);
Insert into ENROLLMENT (ENROLLMENT_ID,OFFERING_ID,SEMESTER_ID,ENROLLMENT_DATE,SR_NO) values (30,2,1,to_date('21-DEC-25','DD-MON-RR'),202);
Insert into ENROLLMENT (ENROLLMENT_ID,OFFERING_ID,SEMESTER_ID,ENROLLMENT_DATE,SR_NO) values (31,1,1,to_date('29-NOV-25','DD-MON-RR'),206);
Insert into ENROLLMENT (ENROLLMENT_ID,OFFERING_ID,SEMESTER_ID,ENROLLMENT_DATE,SR_NO) values (32,2,1,to_date('14-DEC-25','DD-MON-RR'),207);
Insert into ENROLLMENT (ENROLLMENT_ID,OFFERING_ID,SEMESTER_ID,ENROLLMENT_DATE,SR_NO) values (33,2,1,to_date('27-DEC-25','DD-MON-RR'),227);
Insert into ENROLLMENT (ENROLLMENT_ID,OFFERING_ID,SEMESTER_ID,ENROLLMENT_DATE,SR_NO) values (34,1,1,to_date('07-DEC-25','DD-MON-RR'),231);
Insert into ENROLLMENT (ENROLLMENT_ID,OFFERING_ID,SEMESTER_ID,ENROLLMENT_DATE,SR_NO) values (35,2,1,to_date('15-DEC-25','DD-MON-RR'),237);
Insert into ENROLLMENT (ENROLLMENT_ID,OFFERING_ID,SEMESTER_ID,ENROLLMENT_DATE,SR_NO) values (36,1,1,to_date('17-DEC-25','DD-MON-RR'),241);
Insert into ENROLLMENT (ENROLLMENT_ID,OFFERING_ID,SEMESTER_ID,ENROLLMENT_DATE,SR_NO) values (37,2,1,to_date('22-DEC-25','DD-MON-RR'),247);
Insert into ENROLLMENT (ENROLLMENT_ID,OFFERING_ID,SEMESTER_ID,ENROLLMENT_DATE,SR_NO) values (38,1,1,to_date('21-DEC-25','DD-MON-RR'),251);
Insert into ENROLLMENT (ENROLLMENT_ID,OFFERING_ID,SEMESTER_ID,ENROLLMENT_DATE,SR_NO) values (39,2,1,to_date('09-DEC-25','DD-MON-RR'),257);
Insert into ENROLLMENT (ENROLLMENT_ID,OFFERING_ID,SEMESTER_ID,ENROLLMENT_DATE,SR_NO) values (40,1,1,to_date('11-DEC-25','DD-MON-RR'),261);
Insert into ENROLLMENT (ENROLLMENT_ID,OFFERING_ID,SEMESTER_ID,ENROLLMENT_DATE,SR_NO) values (41,2,1,to_date('04-DEC-25','DD-MON-RR'),262);
Insert into ENROLLMENT (ENROLLMENT_ID,OFFERING_ID,SEMESTER_ID,ENROLLMENT_DATE,SR_NO) values (42,1,1,to_date('14-DEC-25','DD-MON-RR'),266);
Insert into ENROLLMENT (ENROLLMENT_ID,OFFERING_ID,SEMESTER_ID,ENROLLMENT_DATE,SR_NO) values (43,2,1,to_date('19-DEC-25','DD-MON-RR'),267);
Insert into ENROLLMENT (ENROLLMENT_ID,OFFERING_ID,SEMESTER_ID,ENROLLMENT_DATE,SR_NO) values (44,2,1,to_date('22-DEC-25','DD-MON-RR'),277);
Insert into ENROLLMENT (ENROLLMENT_ID,OFFERING_ID,SEMESTER_ID,ENROLLMENT_DATE,SR_NO) values (45,2,1,to_date('03-DEC-25','DD-MON-RR'),297);
Insert into ENROLLMENT (ENROLLMENT_ID,OFFERING_ID,SEMESTER_ID,ENROLLMENT_DATE,SR_NO) values (46,1,1,to_date('09-DEC-25','DD-MON-RR'),301);
Insert into ENROLLMENT (ENROLLMENT_ID,OFFERING_ID,SEMESTER_ID,ENROLLMENT_DATE,SR_NO) values (47,2,1,to_date('29-NOV-25','DD-MON-RR'),302);
Insert into ENROLLMENT (ENROLLMENT_ID,OFFERING_ID,SEMESTER_ID,ENROLLMENT_DATE,SR_NO) values (48,1,1,to_date('23-DEC-25','DD-MON-RR'),311);
Insert into ENROLLMENT (ENROLLMENT_ID,OFFERING_ID,SEMESTER_ID,ENROLLMENT_DATE,SR_NO) values (49,1,1,to_date('30-NOV-25','DD-MON-RR'),321);
Insert into ENROLLMENT (ENROLLMENT_ID,OFFERING_ID,SEMESTER_ID,ENROLLMENT_DATE,SR_NO) values (50,1,1,to_date('10-DEC-25','DD-MON-RR'),326);
Insert into ENROLLMENT (ENROLLMENT_ID,OFFERING_ID,SEMESTER_ID,ENROLLMENT_DATE,SR_NO) values (51,1,1,to_date('08-DEC-25','DD-MON-RR'),341);
Insert into ENROLLMENT (ENROLLMENT_ID,OFFERING_ID,SEMESTER_ID,ENROLLMENT_DATE,SR_NO) values (52,1,1,to_date('29-NOV-25','DD-MON-RR'),346);
Insert into ENROLLMENT (ENROLLMENT_ID,OFFERING_ID,SEMESTER_ID,ENROLLMENT_DATE,SR_NO) values (53,2,1,to_date('18-DEC-25','DD-MON-RR'),347);
Insert into ENROLLMENT (ENROLLMENT_ID,OFFERING_ID,SEMESTER_ID,ENROLLMENT_DATE,SR_NO) values (54,1,1,to_date('01-DEC-25','DD-MON-RR'),356);
Insert into ENROLLMENT (ENROLLMENT_ID,OFFERING_ID,SEMESTER_ID,ENROLLMENT_DATE,SR_NO) values (55,2,1,to_date('26-DEC-25','DD-MON-RR'),357);
Insert into ENROLLMENT (ENROLLMENT_ID,OFFERING_ID,SEMESTER_ID,ENROLLMENT_DATE,SR_NO) values (56,2,1,to_date('04-DEC-25','DD-MON-RR'),362);
Insert into ENROLLMENT (ENROLLMENT_ID,OFFERING_ID,SEMESTER_ID,ENROLLMENT_DATE,SR_NO) values (57,1,1,to_date('01-DEC-25','DD-MON-RR'),371);
Insert into ENROLLMENT (ENROLLMENT_ID,OFFERING_ID,SEMESTER_ID,ENROLLMENT_DATE,SR_NO) values (58,2,1,to_date('01-DEC-25','DD-MON-RR'),382);
Insert into ENROLLMENT (ENROLLMENT_ID,OFFERING_ID,SEMESTER_ID,ENROLLMENT_DATE,SR_NO) values (59,2,1,to_date('16-DEC-25','DD-MON-RR'),402);
Insert into ENROLLMENT (ENROLLMENT_ID,OFFERING_ID,SEMESTER_ID,ENROLLMENT_DATE,SR_NO) values (60,2,1,to_date('05-DEC-25','DD-MON-RR'),422);
Insert into ENROLLMENT (ENROLLMENT_ID,OFFERING_ID,SEMESTER_ID,ENROLLMENT_DATE,SR_NO) values (61,1,1,to_date('15-DEC-25','DD-MON-RR'),426);
Insert into ENROLLMENT (ENROLLMENT_ID,OFFERING_ID,SEMESTER_ID,ENROLLMENT_DATE,SR_NO) values (62,2,1,to_date('02-DEC-25','DD-MON-RR'),432);
Insert into ENROLLMENT (ENROLLMENT_ID,OFFERING_ID,SEMESTER_ID,ENROLLMENT_DATE,SR_NO) values (63,1,1,to_date('14-DEC-25','DD-MON-RR'),436);
Insert into ENROLLMENT (ENROLLMENT_ID,OFFERING_ID,SEMESTER_ID,ENROLLMENT_DATE,SR_NO) values (64,1,1,to_date('18-DEC-25','DD-MON-RR'),441);
Insert into ENROLLMENT (ENROLLMENT_ID,OFFERING_ID,SEMESTER_ID,ENROLLMENT_DATE,SR_NO) values (65,2,1,to_date('25-DEC-25','DD-MON-RR'),447);
Insert into ENROLLMENT (ENROLLMENT_ID,OFFERING_ID,SEMESTER_ID,ENROLLMENT_DATE,SR_NO) values (66,1,1,to_date('24-DEC-25','DD-MON-RR'),451);
Insert into ENROLLMENT (ENROLLMENT_ID,OFFERING_ID,SEMESTER_ID,ENROLLMENT_DATE,SR_NO) values (67,2,1,to_date('11-DEC-25','DD-MON-RR'),452);
Insert into ENROLLMENT (ENROLLMENT_ID,OFFERING_ID,SEMESTER_ID,ENROLLMENT_DATE,SR_NO) values (68,1,1,to_date('10-DEC-25','DD-MON-RR'),461);
Insert into ENROLLMENT (ENROLLMENT_ID,OFFERING_ID,SEMESTER_ID,ENROLLMENT_DATE,SR_NO) values (69,1,1,to_date('09-DEC-25','DD-MON-RR'),466);
Insert into ENROLLMENT (ENROLLMENT_ID,OFFERING_ID,SEMESTER_ID,ENROLLMENT_DATE,SR_NO) values (70,2,1,to_date('18-DEC-25','DD-MON-RR'),467);
Insert into ENROLLMENT (ENROLLMENT_ID,OFFERING_ID,SEMESTER_ID,ENROLLMENT_DATE,SR_NO) values (71,1,1,to_date('30-NOV-25','DD-MON-RR'),476);
Insert into ENROLLMENT (ENROLLMENT_ID,OFFERING_ID,SEMESTER_ID,ENROLLMENT_DATE,SR_NO) values (72,2,1,to_date('12-DEC-25','DD-MON-RR'),477);
Insert into ENROLLMENT (ENROLLMENT_ID,OFFERING_ID,SEMESTER_ID,ENROLLMENT_DATE,SR_NO) values (73,1,1,to_date('10-DEC-25','DD-MON-RR'),486);
Insert into ENROLLMENT (ENROLLMENT_ID,OFFERING_ID,SEMESTER_ID,ENROLLMENT_DATE,SR_NO) values (74,1,1,to_date('08-DEC-25','DD-MON-RR'),491);
Insert into ENROLLMENT (ENROLLMENT_ID,OFFERING_ID,SEMESTER_ID,ENROLLMENT_DATE,SR_NO) values (75,2,1,to_date('06-DEC-25','DD-MON-RR'),492);
Insert into ENROLLMENT (ENROLLMENT_ID,OFFERING_ID,SEMESTER_ID,ENROLLMENT_DATE,SR_NO) values (76,1,1,to_date('25-DEC-25','DD-MON-RR'),501);
Insert into ENROLLMENT (ENROLLMENT_ID,OFFERING_ID,SEMESTER_ID,ENROLLMENT_DATE,SR_NO) values (77,2,1,to_date('09-DEC-25','DD-MON-RR'),507);
Insert into ENROLLMENT (ENROLLMENT_ID,OFFERING_ID,SEMESTER_ID,ENROLLMENT_DATE,SR_NO) values (78,1,1,to_date('30-NOV-25','DD-MON-RR'),511);
Insert into ENROLLMENT (ENROLLMENT_ID,OFFERING_ID,SEMESTER_ID,ENROLLMENT_DATE,SR_NO) values (79,2,1,to_date('21-DEC-25','DD-MON-RR'),517);
Insert into ENROLLMENT (ENROLLMENT_ID,OFFERING_ID,SEMESTER_ID,ENROLLMENT_DATE,SR_NO) values (80,2,1,to_date('04-DEC-25','DD-MON-RR'),532);
Insert into ENROLLMENT (ENROLLMENT_ID,OFFERING_ID,SEMESTER_ID,ENROLLMENT_DATE,SR_NO) values (81,1,1,to_date('02-DEC-25','DD-MON-RR'),536);
Insert into ENROLLMENT (ENROLLMENT_ID,OFFERING_ID,SEMESTER_ID,ENROLLMENT_DATE,SR_NO) values (82,2,1,to_date('13-DEC-25','DD-MON-RR'),537);
Insert into ENROLLMENT (ENROLLMENT_ID,OFFERING_ID,SEMESTER_ID,ENROLLMENT_DATE,SR_NO) values (83,1,1,to_date('07-DEC-25','DD-MON-RR'),546);
Insert into ENROLLMENT (ENROLLMENT_ID,OFFERING_ID,SEMESTER_ID,ENROLLMENT_DATE,SR_NO) values (84,1,1,to_date('08-DEC-25','DD-MON-RR'),551);
Insert into ENROLLMENT (ENROLLMENT_ID,OFFERING_ID,SEMESTER_ID,ENROLLMENT_DATE,SR_NO) values (85,2,1,to_date('24-DEC-25','DD-MON-RR'),552);
Insert into ENROLLMENT (ENROLLMENT_ID,OFFERING_ID,SEMESTER_ID,ENROLLMENT_DATE,SR_NO) values (86,2,1,to_date('26-DEC-25','DD-MON-RR'),557);
Insert into ENROLLMENT (ENROLLMENT_ID,OFFERING_ID,SEMESTER_ID,ENROLLMENT_DATE,SR_NO) values (87,1,1,to_date('19-DEC-25','DD-MON-RR'),561);
Insert into ENROLLMENT (ENROLLMENT_ID,OFFERING_ID,SEMESTER_ID,ENROLLMENT_DATE,SR_NO) values (88,2,1,to_date('30-NOV-25','DD-MON-RR'),562);
Insert into ENROLLMENT (ENROLLMENT_ID,OFFERING_ID,SEMESTER_ID,ENROLLMENT_DATE,SR_NO) values (89,1,1,to_date('09-DEC-25','DD-MON-RR'),571);
Insert into ENROLLMENT (ENROLLMENT_ID,OFFERING_ID,SEMESTER_ID,ENROLLMENT_DATE,SR_NO) values (90,1,1,to_date('04-DEC-25','DD-MON-RR'),576);
Insert into ENROLLMENT (ENROLLMENT_ID,OFFERING_ID,SEMESTER_ID,ENROLLMENT_DATE,SR_NO) values (91,1,1,to_date('23-DEC-25','DD-MON-RR'),591);
Insert into ENROLLMENT (ENROLLMENT_ID,OFFERING_ID,SEMESTER_ID,ENROLLMENT_DATE,SR_NO) values (92,2,1,to_date('09-DEC-25','DD-MON-RR'),592);
REM INSERTING into EXAM
SET DEFINE OFF;
Insert into EXAM (EXAM_ID,OFFERING_ID,EXAM_TYPE,TOTAL_MARKS) values (1,1,'Mid',30);
Insert into EXAM (EXAM_ID,OFFERING_ID,EXAM_TYPE,TOTAL_MARKS) values (2,1,'Final',60);
Insert into EXAM (EXAM_ID,OFFERING_ID,EXAM_TYPE,TOTAL_MARKS) values (3,3,'Mid',30);
Insert into EXAM (EXAM_ID,OFFERING_ID,EXAM_TYPE,TOTAL_MARKS) values (4,4,'Mid',30);
Insert into EXAM (EXAM_ID,OFFERING_ID,EXAM_TYPE,TOTAL_MARKS) values (5,5,'Mid',30);
Insert into EXAM (EXAM_ID,OFFERING_ID,EXAM_TYPE,TOTAL_MARKS) values (6,6,'Mid',30);
Insert into EXAM (EXAM_ID,OFFERING_ID,EXAM_TYPE,TOTAL_MARKS) values (7,7,'Mid',30);
Insert into EXAM (EXAM_ID,OFFERING_ID,EXAM_TYPE,TOTAL_MARKS) values (8,8,'Mid',30);
Insert into EXAM (EXAM_ID,OFFERING_ID,EXAM_TYPE,TOTAL_MARKS) values (9,9,'Mid',30);
Insert into EXAM (EXAM_ID,OFFERING_ID,EXAM_TYPE,TOTAL_MARKS) values (10,10,'Mid',30);
Insert into EXAM (EXAM_ID,OFFERING_ID,EXAM_TYPE,TOTAL_MARKS) values (11,11,'Mid',30);
Insert into EXAM (EXAM_ID,OFFERING_ID,EXAM_TYPE,TOTAL_MARKS) values (12,12,'Mid',30);
Insert into EXAM (EXAM_ID,OFFERING_ID,EXAM_TYPE,TOTAL_MARKS) values (13,13,'Mid',30);
Insert into EXAM (EXAM_ID,OFFERING_ID,EXAM_TYPE,TOTAL_MARKS) values (14,14,'Mid',30);
Insert into EXAM (EXAM_ID,OFFERING_ID,EXAM_TYPE,TOTAL_MARKS) values (15,15,'Mid',30);
Insert into EXAM (EXAM_ID,OFFERING_ID,EXAM_TYPE,TOTAL_MARKS) values (16,16,'Mid',30);
Insert into EXAM (EXAM_ID,OFFERING_ID,EXAM_TYPE,TOTAL_MARKS) values (17,17,'Mid',30);
Insert into EXAM (EXAM_ID,OFFERING_ID,EXAM_TYPE,TOTAL_MARKS) values (18,18,'Mid',30);
Insert into EXAM (EXAM_ID,OFFERING_ID,EXAM_TYPE,TOTAL_MARKS) values (19,19,'Mid',30);
Insert into EXAM (EXAM_ID,OFFERING_ID,EXAM_TYPE,TOTAL_MARKS) values (20,20,'Mid',30);
Insert into EXAM (EXAM_ID,OFFERING_ID,EXAM_TYPE,TOTAL_MARKS) values (21,21,'Mid',30);
Insert into EXAM (EXAM_ID,OFFERING_ID,EXAM_TYPE,TOTAL_MARKS) values (22,22,'Mid',30);
Insert into EXAM (EXAM_ID,OFFERING_ID,EXAM_TYPE,TOTAL_MARKS) values (23,23,'Mid',30);
Insert into EXAM (EXAM_ID,OFFERING_ID,EXAM_TYPE,TOTAL_MARKS) values (24,24,'Mid',30);
Insert into EXAM (EXAM_ID,OFFERING_ID,EXAM_TYPE,TOTAL_MARKS) values (25,25,'Mid',30);
Insert into EXAM (EXAM_ID,OFFERING_ID,EXAM_TYPE,TOTAL_MARKS) values (26,26,'Mid',30);
Insert into EXAM (EXAM_ID,OFFERING_ID,EXAM_TYPE,TOTAL_MARKS) values (27,1,'Final',60);
Insert into EXAM (EXAM_ID,OFFERING_ID,EXAM_TYPE,TOTAL_MARKS) values (28,2,'Final',60);
Insert into EXAM (EXAM_ID,OFFERING_ID,EXAM_TYPE,TOTAL_MARKS) values (29,3,'Final',60);
Insert into EXAM (EXAM_ID,OFFERING_ID,EXAM_TYPE,TOTAL_MARKS) values (30,4,'Final',60);
Insert into EXAM (EXAM_ID,OFFERING_ID,EXAM_TYPE,TOTAL_MARKS) values (31,5,'Final',60);
Insert into EXAM (EXAM_ID,OFFERING_ID,EXAM_TYPE,TOTAL_MARKS) values (32,6,'Final',60);
Insert into EXAM (EXAM_ID,OFFERING_ID,EXAM_TYPE,TOTAL_MARKS) values (33,7,'Final',60);
Insert into EXAM (EXAM_ID,OFFERING_ID,EXAM_TYPE,TOTAL_MARKS) values (34,8,'Final',60);
Insert into EXAM (EXAM_ID,OFFERING_ID,EXAM_TYPE,TOTAL_MARKS) values (35,9,'Final',60);
Insert into EXAM (EXAM_ID,OFFERING_ID,EXAM_TYPE,TOTAL_MARKS) values (36,10,'Final',60);
Insert into EXAM (EXAM_ID,OFFERING_ID,EXAM_TYPE,TOTAL_MARKS) values (37,11,'Final',60);
Insert into EXAM (EXAM_ID,OFFERING_ID,EXAM_TYPE,TOTAL_MARKS) values (38,12,'Final',60);
Insert into EXAM (EXAM_ID,OFFERING_ID,EXAM_TYPE,TOTAL_MARKS) values (39,13,'Final',60);
Insert into EXAM (EXAM_ID,OFFERING_ID,EXAM_TYPE,TOTAL_MARKS) values (40,14,'Final',60);
Insert into EXAM (EXAM_ID,OFFERING_ID,EXAM_TYPE,TOTAL_MARKS) values (41,15,'Final',60);
Insert into EXAM (EXAM_ID,OFFERING_ID,EXAM_TYPE,TOTAL_MARKS) values (42,16,'Final',60);
Insert into EXAM (EXAM_ID,OFFERING_ID,EXAM_TYPE,TOTAL_MARKS) values (43,17,'Final',60);
Insert into EXAM (EXAM_ID,OFFERING_ID,EXAM_TYPE,TOTAL_MARKS) values (44,18,'Final',60);
Insert into EXAM (EXAM_ID,OFFERING_ID,EXAM_TYPE,TOTAL_MARKS) values (45,19,'Final',60);
Insert into EXAM (EXAM_ID,OFFERING_ID,EXAM_TYPE,TOTAL_MARKS) values (46,20,'Final',60);
Insert into EXAM (EXAM_ID,OFFERING_ID,EXAM_TYPE,TOTAL_MARKS) values (47,21,'Final',60);
Insert into EXAM (EXAM_ID,OFFERING_ID,EXAM_TYPE,TOTAL_MARKS) values (48,22,'Final',60);
Insert into EXAM (EXAM_ID,OFFERING_ID,EXAM_TYPE,TOTAL_MARKS) values (49,23,'Final',60);
Insert into EXAM (EXAM_ID,OFFERING_ID,EXAM_TYPE,TOTAL_MARKS) values (50,24,'Final',60);
Insert into EXAM (EXAM_ID,OFFERING_ID,EXAM_TYPE,TOTAL_MARKS) values (51,25,'Final',60);
Insert into EXAM (EXAM_ID,OFFERING_ID,EXAM_TYPE,TOTAL_MARKS) values (52,26,'Final',60);
REM INSERTING into EXAM_RESULT
SET DEFINE OFF;
Insert into EXAM_RESULT (RESULT_ID,EXAM_ID,MARKS,SR_NO) values (1,1,20,23);
Insert into EXAM_RESULT (RESULT_ID,EXAM_ID,MARKS,SR_NO) values (2,1,20,26);
Insert into EXAM_RESULT (RESULT_ID,EXAM_ID,MARKS,SR_NO) values (3,1,20,29);
Insert into EXAM_RESULT (RESULT_ID,EXAM_ID,MARKS,SR_NO) values (4,1,20,32);
Insert into EXAM_RESULT (RESULT_ID,EXAM_ID,MARKS,SR_NO) values (5,1,20,38);
Insert into EXAM_RESULT (RESULT_ID,EXAM_ID,MARKS,SR_NO) values (6,1,20,40);
Insert into EXAM_RESULT (RESULT_ID,EXAM_ID,MARKS,SR_NO) values (7,1,20,45);
Insert into EXAM_RESULT (RESULT_ID,EXAM_ID,MARKS,SR_NO) values (8,1,20,46);
Insert into EXAM_RESULT (RESULT_ID,EXAM_ID,MARKS,SR_NO) values (9,1,20,47);
Insert into EXAM_RESULT (RESULT_ID,EXAM_ID,MARKS,SR_NO) values (10,1,20,49);
Insert into EXAM_RESULT (RESULT_ID,EXAM_ID,MARKS,SR_NO) values (11,1,20,50);
Insert into EXAM_RESULT (RESULT_ID,EXAM_ID,MARKS,SR_NO) values (12,1,20,53);
Insert into EXAM_RESULT (RESULT_ID,EXAM_ID,MARKS,SR_NO) values (13,1,20,56);
Insert into EXAM_RESULT (RESULT_ID,EXAM_ID,MARKS,SR_NO) values (14,1,20,59);
Insert into EXAM_RESULT (RESULT_ID,EXAM_ID,MARKS,SR_NO) values (15,1,20,61);
Insert into EXAM_RESULT (RESULT_ID,EXAM_ID,MARKS,SR_NO) values (16,1,20,68);
Insert into EXAM_RESULT (RESULT_ID,EXAM_ID,MARKS,SR_NO) values (17,1,20,71);
Insert into EXAM_RESULT (RESULT_ID,EXAM_ID,MARKS,SR_NO) values (18,1,20,81);
Insert into EXAM_RESULT (RESULT_ID,EXAM_ID,MARKS,SR_NO) values (19,1,20,84);
Insert into EXAM_RESULT (RESULT_ID,EXAM_ID,MARKS,SR_NO) values (20,1,20,86);
Insert into EXAM_RESULT (RESULT_ID,EXAM_ID,MARKS,SR_NO) values (21,1,20,90);
Insert into EXAM_RESULT (RESULT_ID,EXAM_ID,MARKS,SR_NO) values (22,1,20,93);
Insert into EXAM_RESULT (RESULT_ID,EXAM_ID,MARKS,SR_NO) values (23,1,20,94);
Insert into EXAM_RESULT (RESULT_ID,EXAM_ID,MARKS,SR_NO) values (24,1,20,96);
Insert into EXAM_RESULT (RESULT_ID,EXAM_ID,MARKS,SR_NO) values (25,1,20,97);
Insert into EXAM_RESULT (RESULT_ID,EXAM_ID,MARKS,SR_NO) values (26,1,20,98);
Insert into EXAM_RESULT (RESULT_ID,EXAM_ID,MARKS,SR_NO) values (27,1,20,99);
Insert into EXAM_RESULT (RESULT_ID,EXAM_ID,MARKS,SR_NO) values (28,1,20,103);
Insert into EXAM_RESULT (RESULT_ID,EXAM_ID,MARKS,SR_NO) values (29,1,20,106);
Insert into EXAM_RESULT (RESULT_ID,EXAM_ID,MARKS,SR_NO) values (30,1,20,107);
Insert into EXAM_RESULT (RESULT_ID,EXAM_ID,MARKS,SR_NO) values (31,1,20,109);
Insert into EXAM_RESULT (RESULT_ID,EXAM_ID,MARKS,SR_NO) values (32,1,20,112);
Insert into EXAM_RESULT (RESULT_ID,EXAM_ID,MARKS,SR_NO) values (33,1,20,113);
Insert into EXAM_RESULT (RESULT_ID,EXAM_ID,MARKS,SR_NO) values (34,1,20,114);
Insert into EXAM_RESULT (RESULT_ID,EXAM_ID,MARKS,SR_NO) values (35,1,20,117);
Insert into EXAM_RESULT (RESULT_ID,EXAM_ID,MARKS,SR_NO) values (36,1,20,121);
Insert into EXAM_RESULT (RESULT_ID,EXAM_ID,MARKS,SR_NO) values (37,1,20,128);
Insert into EXAM_RESULT (RESULT_ID,EXAM_ID,MARKS,SR_NO) values (38,1,20,131);
Insert into EXAM_RESULT (RESULT_ID,EXAM_ID,MARKS,SR_NO) values (39,1,20,135);
Insert into EXAM_RESULT (RESULT_ID,EXAM_ID,MARKS,SR_NO) values (40,1,20,138);
Insert into EXAM_RESULT (RESULT_ID,EXAM_ID,MARKS,SR_NO) values (41,1,20,140);
Insert into EXAM_RESULT (RESULT_ID,EXAM_ID,MARKS,SR_NO) values (42,1,20,142);
Insert into EXAM_RESULT (RESULT_ID,EXAM_ID,MARKS,SR_NO) values (43,1,20,143);
Insert into EXAM_RESULT (RESULT_ID,EXAM_ID,MARKS,SR_NO) values (44,1,20,145);
Insert into EXAM_RESULT (RESULT_ID,EXAM_ID,MARKS,SR_NO) values (45,1,20,148);
Insert into EXAM_RESULT (RESULT_ID,EXAM_ID,MARKS,SR_NO) values (46,1,20,151);
Insert into EXAM_RESULT (RESULT_ID,EXAM_ID,MARKS,SR_NO) values (47,1,20,152);
Insert into EXAM_RESULT (RESULT_ID,EXAM_ID,MARKS,SR_NO) values (48,1,20,154);
Insert into EXAM_RESULT (RESULT_ID,EXAM_ID,MARKS,SR_NO) values (49,1,20,155);
Insert into EXAM_RESULT (RESULT_ID,EXAM_ID,MARKS,SR_NO) values (50,1,20,156);
Insert into EXAM_RESULT (RESULT_ID,EXAM_ID,MARKS,SR_NO) values (51,1,20,158);
Insert into EXAM_RESULT (RESULT_ID,EXAM_ID,MARKS,SR_NO) values (52,1,20,160);
Insert into EXAM_RESULT (RESULT_ID,EXAM_ID,MARKS,SR_NO) values (53,1,20,162);
Insert into EXAM_RESULT (RESULT_ID,EXAM_ID,MARKS,SR_NO) values (54,1,20,169);
Insert into EXAM_RESULT (RESULT_ID,EXAM_ID,MARKS,SR_NO) values (55,1,20,172);
Insert into EXAM_RESULT (RESULT_ID,EXAM_ID,MARKS,SR_NO) values (56,1,20,176);
Insert into EXAM_RESULT (RESULT_ID,EXAM_ID,MARKS,SR_NO) values (57,1,20,177);
Insert into EXAM_RESULT (RESULT_ID,EXAM_ID,MARKS,SR_NO) values (58,1,20,178);
Insert into EXAM_RESULT (RESULT_ID,EXAM_ID,MARKS,SR_NO) values (59,1,20,180);
Insert into EXAM_RESULT (RESULT_ID,EXAM_ID,MARKS,SR_NO) values (60,1,20,183);
Insert into EXAM_RESULT (RESULT_ID,EXAM_ID,MARKS,SR_NO) values (61,1,20,185);
Insert into EXAM_RESULT (RESULT_ID,EXAM_ID,MARKS,SR_NO) values (62,1,20,187);
Insert into EXAM_RESULT (RESULT_ID,EXAM_ID,MARKS,SR_NO) values (63,1,20,188);
Insert into EXAM_RESULT (RESULT_ID,EXAM_ID,MARKS,SR_NO) values (64,1,20,190);
Insert into EXAM_RESULT (RESULT_ID,EXAM_ID,MARKS,SR_NO) values (65,1,20,192);
Insert into EXAM_RESULT (RESULT_ID,EXAM_ID,MARKS,SR_NO) values (66,1,20,193);
Insert into EXAM_RESULT (RESULT_ID,EXAM_ID,MARKS,SR_NO) values (67,1,20,195);
Insert into EXAM_RESULT (RESULT_ID,EXAM_ID,MARKS,SR_NO) values (68,1,20,197);
Insert into EXAM_RESULT (RESULT_ID,EXAM_ID,MARKS,SR_NO) values (69,1,20,199);
Insert into EXAM_RESULT (RESULT_ID,EXAM_ID,MARKS,SR_NO) values (70,1,20,201);
Insert into EXAM_RESULT (RESULT_ID,EXAM_ID,MARKS,SR_NO) values (71,1,20,202);
Insert into EXAM_RESULT (RESULT_ID,EXAM_ID,MARKS,SR_NO) values (72,1,20,203);
Insert into EXAM_RESULT (RESULT_ID,EXAM_ID,MARKS,SR_NO) values (73,1,20,204);
Insert into EXAM_RESULT (RESULT_ID,EXAM_ID,MARKS,SR_NO) values (74,1,20,205);
Insert into EXAM_RESULT (RESULT_ID,EXAM_ID,MARKS,SR_NO) values (75,1,20,206);
Insert into EXAM_RESULT (RESULT_ID,EXAM_ID,MARKS,SR_NO) values (76,1,20,207);
Insert into EXAM_RESULT (RESULT_ID,EXAM_ID,MARKS,SR_NO) values (77,1,20,208);
Insert into EXAM_RESULT (RESULT_ID,EXAM_ID,MARKS,SR_NO) values (78,1,20,210);
Insert into EXAM_RESULT (RESULT_ID,EXAM_ID,MARKS,SR_NO) values (79,1,20,218);
Insert into EXAM_RESULT (RESULT_ID,EXAM_ID,MARKS,SR_NO) values (80,1,20,223);
Insert into EXAM_RESULT (RESULT_ID,EXAM_ID,MARKS,SR_NO) values (81,1,20,227);
Insert into EXAM_RESULT (RESULT_ID,EXAM_ID,MARKS,SR_NO) values (82,1,20,229);
Insert into EXAM_RESULT (RESULT_ID,EXAM_ID,MARKS,SR_NO) values (83,1,20,230);
Insert into EXAM_RESULT (RESULT_ID,EXAM_ID,MARKS,SR_NO) values (84,1,20,231);
Insert into EXAM_RESULT (RESULT_ID,EXAM_ID,MARKS,SR_NO) values (85,1,20,234);
Insert into EXAM_RESULT (RESULT_ID,EXAM_ID,MARKS,SR_NO) values (86,1,20,235);
Insert into EXAM_RESULT (RESULT_ID,EXAM_ID,MARKS,SR_NO) values (87,1,20,237);
Insert into EXAM_RESULT (RESULT_ID,EXAM_ID,MARKS,SR_NO) values (88,1,20,241);
Insert into EXAM_RESULT (RESULT_ID,EXAM_ID,MARKS,SR_NO) values (89,1,20,244);
Insert into EXAM_RESULT (RESULT_ID,EXAM_ID,MARKS,SR_NO) values (90,1,20,247);
Insert into EXAM_RESULT (RESULT_ID,EXAM_ID,MARKS,SR_NO) values (91,1,20,249);
Insert into EXAM_RESULT (RESULT_ID,EXAM_ID,MARKS,SR_NO) values (92,1,20,250);
Insert into EXAM_RESULT (RESULT_ID,EXAM_ID,MARKS,SR_NO) values (93,1,20,251);
Insert into EXAM_RESULT (RESULT_ID,EXAM_ID,MARKS,SR_NO) values (94,1,20,253);
Insert into EXAM_RESULT (RESULT_ID,EXAM_ID,MARKS,SR_NO) values (95,1,20,257);
Insert into EXAM_RESULT (RESULT_ID,EXAM_ID,MARKS,SR_NO) values (96,1,20,258);
Insert into EXAM_RESULT (RESULT_ID,EXAM_ID,MARKS,SR_NO) values (97,1,20,261);
Insert into EXAM_RESULT (RESULT_ID,EXAM_ID,MARKS,SR_NO) values (98,1,20,262);
Insert into EXAM_RESULT (RESULT_ID,EXAM_ID,MARKS,SR_NO) values (99,1,20,264);
Insert into EXAM_RESULT (RESULT_ID,EXAM_ID,MARKS,SR_NO) values (100,1,20,265);
Insert into EXAM_RESULT (RESULT_ID,EXAM_ID,MARKS,SR_NO) values (101,1,20,266);
Insert into EXAM_RESULT (RESULT_ID,EXAM_ID,MARKS,SR_NO) values (102,1,20,267);
Insert into EXAM_RESULT (RESULT_ID,EXAM_ID,MARKS,SR_NO) values (103,1,20,273);
Insert into EXAM_RESULT (RESULT_ID,EXAM_ID,MARKS,SR_NO) values (104,1,20,277);
Insert into EXAM_RESULT (RESULT_ID,EXAM_ID,MARKS,SR_NO) values (105,1,20,288);
Insert into EXAM_RESULT (RESULT_ID,EXAM_ID,MARKS,SR_NO) values (106,1,20,290);
Insert into EXAM_RESULT (RESULT_ID,EXAM_ID,MARKS,SR_NO) values (107,1,20,297);
Insert into EXAM_RESULT (RESULT_ID,EXAM_ID,MARKS,SR_NO) values (108,1,20,300);
Insert into EXAM_RESULT (RESULT_ID,EXAM_ID,MARKS,SR_NO) values (109,1,20,301);
Insert into EXAM_RESULT (RESULT_ID,EXAM_ID,MARKS,SR_NO) values (110,1,20,302);
Insert into EXAM_RESULT (RESULT_ID,EXAM_ID,MARKS,SR_NO) values (111,1,20,305);
Insert into EXAM_RESULT (RESULT_ID,EXAM_ID,MARKS,SR_NO) values (112,1,20,308);
Insert into EXAM_RESULT (RESULT_ID,EXAM_ID,MARKS,SR_NO) values (113,1,20,311);
Insert into EXAM_RESULT (RESULT_ID,EXAM_ID,MARKS,SR_NO) values (114,1,20,319);
Insert into EXAM_RESULT (RESULT_ID,EXAM_ID,MARKS,SR_NO) values (115,1,20,320);
Insert into EXAM_RESULT (RESULT_ID,EXAM_ID,MARKS,SR_NO) values (116,1,20,321);
Insert into EXAM_RESULT (RESULT_ID,EXAM_ID,MARKS,SR_NO) values (117,1,20,323);
Insert into EXAM_RESULT (RESULT_ID,EXAM_ID,MARKS,SR_NO) values (118,1,20,324);
Insert into EXAM_RESULT (RESULT_ID,EXAM_ID,MARKS,SR_NO) values (119,1,20,326);
Insert into EXAM_RESULT (RESULT_ID,EXAM_ID,MARKS,SR_NO) values (120,1,20,328);
Insert into EXAM_RESULT (RESULT_ID,EXAM_ID,MARKS,SR_NO) values (121,1,20,333);
Insert into EXAM_RESULT (RESULT_ID,EXAM_ID,MARKS,SR_NO) values (122,1,20,335);
Insert into EXAM_RESULT (RESULT_ID,EXAM_ID,MARKS,SR_NO) values (123,1,20,340);
Insert into EXAM_RESULT (RESULT_ID,EXAM_ID,MARKS,SR_NO) values (124,1,20,341);
Insert into EXAM_RESULT (RESULT_ID,EXAM_ID,MARKS,SR_NO) values (125,1,20,343);
Insert into EXAM_RESULT (RESULT_ID,EXAM_ID,MARKS,SR_NO) values (126,1,20,346);
Insert into EXAM_RESULT (RESULT_ID,EXAM_ID,MARKS,SR_NO) values (127,1,20,347);
Insert into EXAM_RESULT (RESULT_ID,EXAM_ID,MARKS,SR_NO) values (128,1,20,348);
Insert into EXAM_RESULT (RESULT_ID,EXAM_ID,MARKS,SR_NO) values (129,1,20,349);
Insert into EXAM_RESULT (RESULT_ID,EXAM_ID,MARKS,SR_NO) values (130,1,20,350);
Insert into EXAM_RESULT (RESULT_ID,EXAM_ID,MARKS,SR_NO) values (131,1,20,353);
Insert into EXAM_RESULT (RESULT_ID,EXAM_ID,MARKS,SR_NO) values (132,1,20,354);
Insert into EXAM_RESULT (RESULT_ID,EXAM_ID,MARKS,SR_NO) values (133,1,20,355);
Insert into EXAM_RESULT (RESULT_ID,EXAM_ID,MARKS,SR_NO) values (134,1,20,356);
Insert into EXAM_RESULT (RESULT_ID,EXAM_ID,MARKS,SR_NO) values (135,1,20,357);
Insert into EXAM_RESULT (RESULT_ID,EXAM_ID,MARKS,SR_NO) values (136,1,20,359);
Insert into EXAM_RESULT (RESULT_ID,EXAM_ID,MARKS,SR_NO) values (137,1,20,360);
Insert into EXAM_RESULT (RESULT_ID,EXAM_ID,MARKS,SR_NO) values (138,1,20,362);
Insert into EXAM_RESULT (RESULT_ID,EXAM_ID,MARKS,SR_NO) values (139,1,20,363);
Insert into EXAM_RESULT (RESULT_ID,EXAM_ID,MARKS,SR_NO) values (140,1,20,364);
Insert into EXAM_RESULT (RESULT_ID,EXAM_ID,MARKS,SR_NO) values (141,1,20,368);
Insert into EXAM_RESULT (RESULT_ID,EXAM_ID,MARKS,SR_NO) values (142,1,20,371);
Insert into EXAM_RESULT (RESULT_ID,EXAM_ID,MARKS,SR_NO) values (143,1,20,374);
Insert into EXAM_RESULT (RESULT_ID,EXAM_ID,MARKS,SR_NO) values (144,1,20,375);
Insert into EXAM_RESULT (RESULT_ID,EXAM_ID,MARKS,SR_NO) values (145,1,20,378);
Insert into EXAM_RESULT (RESULT_ID,EXAM_ID,MARKS,SR_NO) values (146,1,20,380);
Insert into EXAM_RESULT (RESULT_ID,EXAM_ID,MARKS,SR_NO) values (147,1,20,382);
Insert into EXAM_RESULT (RESULT_ID,EXAM_ID,MARKS,SR_NO) values (148,1,20,384);
Insert into EXAM_RESULT (RESULT_ID,EXAM_ID,MARKS,SR_NO) values (149,1,20,388);
Insert into EXAM_RESULT (RESULT_ID,EXAM_ID,MARKS,SR_NO) values (150,1,20,389);
Insert into EXAM_RESULT (RESULT_ID,EXAM_ID,MARKS,SR_NO) values (151,1,20,395);
Insert into EXAM_RESULT (RESULT_ID,EXAM_ID,MARKS,SR_NO) values (152,1,20,400);
Insert into EXAM_RESULT (RESULT_ID,EXAM_ID,MARKS,SR_NO) values (153,1,20,402);
Insert into EXAM_RESULT (RESULT_ID,EXAM_ID,MARKS,SR_NO) values (154,1,20,414);
Insert into EXAM_RESULT (RESULT_ID,EXAM_ID,MARKS,SR_NO) values (155,1,20,418);
Insert into EXAM_RESULT (RESULT_ID,EXAM_ID,MARKS,SR_NO) values (156,1,20,422);
Insert into EXAM_RESULT (RESULT_ID,EXAM_ID,MARKS,SR_NO) values (157,1,20,425);
Insert into EXAM_RESULT (RESULT_ID,EXAM_ID,MARKS,SR_NO) values (158,1,20,426);
Insert into EXAM_RESULT (RESULT_ID,EXAM_ID,MARKS,SR_NO) values (159,1,20,430);
Insert into EXAM_RESULT (RESULT_ID,EXAM_ID,MARKS,SR_NO) values (160,1,20,432);
Insert into EXAM_RESULT (RESULT_ID,EXAM_ID,MARKS,SR_NO) values (161,1,20,436);
Insert into EXAM_RESULT (RESULT_ID,EXAM_ID,MARKS,SR_NO) values (162,1,20,438);
Insert into EXAM_RESULT (RESULT_ID,EXAM_ID,MARKS,SR_NO) values (163,1,20,439);
Insert into EXAM_RESULT (RESULT_ID,EXAM_ID,MARKS,SR_NO) values (164,1,20,441);
Insert into EXAM_RESULT (RESULT_ID,EXAM_ID,MARKS,SR_NO) values (165,1,20,443);
Insert into EXAM_RESULT (RESULT_ID,EXAM_ID,MARKS,SR_NO) values (166,1,20,447);
Insert into EXAM_RESULT (RESULT_ID,EXAM_ID,MARKS,SR_NO) values (167,1,20,448);
Insert into EXAM_RESULT (RESULT_ID,EXAM_ID,MARKS,SR_NO) values (168,1,20,450);
Insert into EXAM_RESULT (RESULT_ID,EXAM_ID,MARKS,SR_NO) values (169,1,20,451);
Insert into EXAM_RESULT (RESULT_ID,EXAM_ID,MARKS,SR_NO) values (170,1,20,452);
Insert into EXAM_RESULT (RESULT_ID,EXAM_ID,MARKS,SR_NO) values (171,1,20,458);
Insert into EXAM_RESULT (RESULT_ID,EXAM_ID,MARKS,SR_NO) values (172,1,20,461);
Insert into EXAM_RESULT (RESULT_ID,EXAM_ID,MARKS,SR_NO) values (173,1,20,465);
Insert into EXAM_RESULT (RESULT_ID,EXAM_ID,MARKS,SR_NO) values (174,1,20,466);
Insert into EXAM_RESULT (RESULT_ID,EXAM_ID,MARKS,SR_NO) values (175,1,20,467);
Insert into EXAM_RESULT (RESULT_ID,EXAM_ID,MARKS,SR_NO) values (176,1,20,468);
Insert into EXAM_RESULT (RESULT_ID,EXAM_ID,MARKS,SR_NO) values (177,1,20,469);
Insert into EXAM_RESULT (RESULT_ID,EXAM_ID,MARKS,SR_NO) values (178,1,20,473);
Insert into EXAM_RESULT (RESULT_ID,EXAM_ID,MARKS,SR_NO) values (179,1,20,476);
Insert into EXAM_RESULT (RESULT_ID,EXAM_ID,MARKS,SR_NO) values (180,1,20,477);
Insert into EXAM_RESULT (RESULT_ID,EXAM_ID,MARKS,SR_NO) values (181,1,20,478);
Insert into EXAM_RESULT (RESULT_ID,EXAM_ID,MARKS,SR_NO) values (182,1,20,479);
Insert into EXAM_RESULT (RESULT_ID,EXAM_ID,MARKS,SR_NO) values (183,1,20,483);
Insert into EXAM_RESULT (RESULT_ID,EXAM_ID,MARKS,SR_NO) values (184,1,20,485);
Insert into EXAM_RESULT (RESULT_ID,EXAM_ID,MARKS,SR_NO) values (185,1,20,486);
Insert into EXAM_RESULT (RESULT_ID,EXAM_ID,MARKS,SR_NO) values (186,1,20,489);
Insert into EXAM_RESULT (RESULT_ID,EXAM_ID,MARKS,SR_NO) values (187,1,20,491);
Insert into EXAM_RESULT (RESULT_ID,EXAM_ID,MARKS,SR_NO) values (188,1,20,492);
Insert into EXAM_RESULT (RESULT_ID,EXAM_ID,MARKS,SR_NO) values (189,1,20,493);
Insert into EXAM_RESULT (RESULT_ID,EXAM_ID,MARKS,SR_NO) values (190,1,20,499);
Insert into EXAM_RESULT (RESULT_ID,EXAM_ID,MARKS,SR_NO) values (191,1,20,500);
Insert into EXAM_RESULT (RESULT_ID,EXAM_ID,MARKS,SR_NO) values (192,1,20,501);
Insert into EXAM_RESULT (RESULT_ID,EXAM_ID,MARKS,SR_NO) values (193,1,20,505);
Insert into EXAM_RESULT (RESULT_ID,EXAM_ID,MARKS,SR_NO) values (194,1,20,507);
Insert into EXAM_RESULT (RESULT_ID,EXAM_ID,MARKS,SR_NO) values (195,1,20,508);
Insert into EXAM_RESULT (RESULT_ID,EXAM_ID,MARKS,SR_NO) values (196,1,20,511);
Insert into EXAM_RESULT (RESULT_ID,EXAM_ID,MARKS,SR_NO) values (197,1,20,513);
Insert into EXAM_RESULT (RESULT_ID,EXAM_ID,MARKS,SR_NO) values (198,1,20,514);
Insert into EXAM_RESULT (RESULT_ID,EXAM_ID,MARKS,SR_NO) values (199,1,20,517);
Insert into EXAM_RESULT (RESULT_ID,EXAM_ID,MARKS,SR_NO) values (200,1,20,523);
Insert into EXAM_RESULT (RESULT_ID,EXAM_ID,MARKS,SR_NO) values (201,1,20,524);
Insert into EXAM_RESULT (RESULT_ID,EXAM_ID,MARKS,SR_NO) values (202,1,20,525);
Insert into EXAM_RESULT (RESULT_ID,EXAM_ID,MARKS,SR_NO) values (203,1,20,528);
Insert into EXAM_RESULT (RESULT_ID,EXAM_ID,MARKS,SR_NO) values (204,1,20,532);
Insert into EXAM_RESULT (RESULT_ID,EXAM_ID,MARKS,SR_NO) values (205,1,20,536);
Insert into EXAM_RESULT (RESULT_ID,EXAM_ID,MARKS,SR_NO) values (206,1,20,537);
Insert into EXAM_RESULT (RESULT_ID,EXAM_ID,MARKS,SR_NO) values (207,1,20,538);
Insert into EXAM_RESULT (RESULT_ID,EXAM_ID,MARKS,SR_NO) values (208,1,20,544);
Insert into EXAM_RESULT (RESULT_ID,EXAM_ID,MARKS,SR_NO) values (209,1,20,546);
Insert into EXAM_RESULT (RESULT_ID,EXAM_ID,MARKS,SR_NO) values (210,1,20,549);
Insert into EXAM_RESULT (RESULT_ID,EXAM_ID,MARKS,SR_NO) values (211,1,20,551);
Insert into EXAM_RESULT (RESULT_ID,EXAM_ID,MARKS,SR_NO) values (212,1,20,552);
Insert into EXAM_RESULT (RESULT_ID,EXAM_ID,MARKS,SR_NO) values (213,1,20,553);
Insert into EXAM_RESULT (RESULT_ID,EXAM_ID,MARKS,SR_NO) values (214,1,20,557);
Insert into EXAM_RESULT (RESULT_ID,EXAM_ID,MARKS,SR_NO) values (215,1,20,558);
Insert into EXAM_RESULT (RESULT_ID,EXAM_ID,MARKS,SR_NO) values (216,1,20,559);
Insert into EXAM_RESULT (RESULT_ID,EXAM_ID,MARKS,SR_NO) values (217,1,20,561);
Insert into EXAM_RESULT (RESULT_ID,EXAM_ID,MARKS,SR_NO) values (218,1,20,562);
Insert into EXAM_RESULT (RESULT_ID,EXAM_ID,MARKS,SR_NO) values (219,1,20,563);
Insert into EXAM_RESULT (RESULT_ID,EXAM_ID,MARKS,SR_NO) values (220,1,20,564);
Insert into EXAM_RESULT (RESULT_ID,EXAM_ID,MARKS,SR_NO) values (221,1,20,569);
Insert into EXAM_RESULT (RESULT_ID,EXAM_ID,MARKS,SR_NO) values (222,1,20,570);
Insert into EXAM_RESULT (RESULT_ID,EXAM_ID,MARKS,SR_NO) values (223,1,20,571);
Insert into EXAM_RESULT (RESULT_ID,EXAM_ID,MARKS,SR_NO) values (224,1,20,574);
Insert into EXAM_RESULT (RESULT_ID,EXAM_ID,MARKS,SR_NO) values (225,1,20,575);
Insert into EXAM_RESULT (RESULT_ID,EXAM_ID,MARKS,SR_NO) values (226,1,20,576);
Insert into EXAM_RESULT (RESULT_ID,EXAM_ID,MARKS,SR_NO) values (227,1,20,578);
Insert into EXAM_RESULT (RESULT_ID,EXAM_ID,MARKS,SR_NO) values (228,1,20,579);
Insert into EXAM_RESULT (RESULT_ID,EXAM_ID,MARKS,SR_NO) values (229,1,20,583);
Insert into EXAM_RESULT (RESULT_ID,EXAM_ID,MARKS,SR_NO) values (230,1,20,590);
Insert into EXAM_RESULT (RESULT_ID,EXAM_ID,MARKS,SR_NO) values (231,1,20,591);
Insert into EXAM_RESULT (RESULT_ID,EXAM_ID,MARKS,SR_NO) values (232,1,20,592);
Insert into EXAM_RESULT (RESULT_ID,EXAM_ID,MARKS,SR_NO) values (233,27,45,23);
Insert into EXAM_RESULT (RESULT_ID,EXAM_ID,MARKS,SR_NO) values (234,27,45,26);
Insert into EXAM_RESULT (RESULT_ID,EXAM_ID,MARKS,SR_NO) values (235,27,45,29);
Insert into EXAM_RESULT (RESULT_ID,EXAM_ID,MARKS,SR_NO) values (236,27,45,32);
Insert into EXAM_RESULT (RESULT_ID,EXAM_ID,MARKS,SR_NO) values (237,27,45,38);
Insert into EXAM_RESULT (RESULT_ID,EXAM_ID,MARKS,SR_NO) values (238,27,45,40);
Insert into EXAM_RESULT (RESULT_ID,EXAM_ID,MARKS,SR_NO) values (239,27,45,45);
Insert into EXAM_RESULT (RESULT_ID,EXAM_ID,MARKS,SR_NO) values (240,27,45,46);
Insert into EXAM_RESULT (RESULT_ID,EXAM_ID,MARKS,SR_NO) values (241,27,45,47);
Insert into EXAM_RESULT (RESULT_ID,EXAM_ID,MARKS,SR_NO) values (242,27,45,49);
Insert into EXAM_RESULT (RESULT_ID,EXAM_ID,MARKS,SR_NO) values (243,27,45,50);
Insert into EXAM_RESULT (RESULT_ID,EXAM_ID,MARKS,SR_NO) values (244,27,45,53);
Insert into EXAM_RESULT (RESULT_ID,EXAM_ID,MARKS,SR_NO) values (245,27,45,56);
Insert into EXAM_RESULT (RESULT_ID,EXAM_ID,MARKS,SR_NO) values (246,27,45,59);
Insert into EXAM_RESULT (RESULT_ID,EXAM_ID,MARKS,SR_NO) values (247,27,45,61);
Insert into EXAM_RESULT (RESULT_ID,EXAM_ID,MARKS,SR_NO) values (248,27,45,68);
Insert into EXAM_RESULT (RESULT_ID,EXAM_ID,MARKS,SR_NO) values (249,27,45,71);
Insert into EXAM_RESULT (RESULT_ID,EXAM_ID,MARKS,SR_NO) values (250,27,45,81);
Insert into EXAM_RESULT (RESULT_ID,EXAM_ID,MARKS,SR_NO) values (251,27,45,84);
Insert into EXAM_RESULT (RESULT_ID,EXAM_ID,MARKS,SR_NO) values (252,27,45,86);
Insert into EXAM_RESULT (RESULT_ID,EXAM_ID,MARKS,SR_NO) values (253,27,45,90);
Insert into EXAM_RESULT (RESULT_ID,EXAM_ID,MARKS,SR_NO) values (254,27,45,93);
Insert into EXAM_RESULT (RESULT_ID,EXAM_ID,MARKS,SR_NO) values (255,27,45,94);
Insert into EXAM_RESULT (RESULT_ID,EXAM_ID,MARKS,SR_NO) values (256,27,45,96);
Insert into EXAM_RESULT (RESULT_ID,EXAM_ID,MARKS,SR_NO) values (257,27,45,97);
Insert into EXAM_RESULT (RESULT_ID,EXAM_ID,MARKS,SR_NO) values (258,27,45,98);
Insert into EXAM_RESULT (RESULT_ID,EXAM_ID,MARKS,SR_NO) values (259,27,45,99);
Insert into EXAM_RESULT (RESULT_ID,EXAM_ID,MARKS,SR_NO) values (260,27,45,103);
Insert into EXAM_RESULT (RESULT_ID,EXAM_ID,MARKS,SR_NO) values (261,27,45,106);
Insert into EXAM_RESULT (RESULT_ID,EXAM_ID,MARKS,SR_NO) values (262,27,45,107);
Insert into EXAM_RESULT (RESULT_ID,EXAM_ID,MARKS,SR_NO) values (263,27,45,109);
Insert into EXAM_RESULT (RESULT_ID,EXAM_ID,MARKS,SR_NO) values (264,27,45,112);
Insert into EXAM_RESULT (RESULT_ID,EXAM_ID,MARKS,SR_NO) values (265,27,45,113);
Insert into EXAM_RESULT (RESULT_ID,EXAM_ID,MARKS,SR_NO) values (266,27,45,114);
Insert into EXAM_RESULT (RESULT_ID,EXAM_ID,MARKS,SR_NO) values (267,27,45,117);
Insert into EXAM_RESULT (RESULT_ID,EXAM_ID,MARKS,SR_NO) values (268,27,45,121);
Insert into EXAM_RESULT (RESULT_ID,EXAM_ID,MARKS,SR_NO) values (269,27,45,128);
Insert into EXAM_RESULT (RESULT_ID,EXAM_ID,MARKS,SR_NO) values (270,27,45,131);
Insert into EXAM_RESULT (RESULT_ID,EXAM_ID,MARKS,SR_NO) values (271,27,45,135);
Insert into EXAM_RESULT (RESULT_ID,EXAM_ID,MARKS,SR_NO) values (272,27,45,138);
Insert into EXAM_RESULT (RESULT_ID,EXAM_ID,MARKS,SR_NO) values (273,27,45,140);
Insert into EXAM_RESULT (RESULT_ID,EXAM_ID,MARKS,SR_NO) values (274,27,45,142);
Insert into EXAM_RESULT (RESULT_ID,EXAM_ID,MARKS,SR_NO) values (275,27,45,143);
Insert into EXAM_RESULT (RESULT_ID,EXAM_ID,MARKS,SR_NO) values (276,27,45,145);
Insert into EXAM_RESULT (RESULT_ID,EXAM_ID,MARKS,SR_NO) values (277,27,45,148);
Insert into EXAM_RESULT (RESULT_ID,EXAM_ID,MARKS,SR_NO) values (278,27,45,151);
Insert into EXAM_RESULT (RESULT_ID,EXAM_ID,MARKS,SR_NO) values (279,27,45,152);
Insert into EXAM_RESULT (RESULT_ID,EXAM_ID,MARKS,SR_NO) values (280,27,45,154);
Insert into EXAM_RESULT (RESULT_ID,EXAM_ID,MARKS,SR_NO) values (281,27,45,155);
Insert into EXAM_RESULT (RESULT_ID,EXAM_ID,MARKS,SR_NO) values (282,27,45,156);
Insert into EXAM_RESULT (RESULT_ID,EXAM_ID,MARKS,SR_NO) values (283,27,45,158);
Insert into EXAM_RESULT (RESULT_ID,EXAM_ID,MARKS,SR_NO) values (284,27,45,160);
Insert into EXAM_RESULT (RESULT_ID,EXAM_ID,MARKS,SR_NO) values (285,27,45,162);
Insert into EXAM_RESULT (RESULT_ID,EXAM_ID,MARKS,SR_NO) values (286,27,45,169);
Insert into EXAM_RESULT (RESULT_ID,EXAM_ID,MARKS,SR_NO) values (287,27,45,172);
Insert into EXAM_RESULT (RESULT_ID,EXAM_ID,MARKS,SR_NO) values (288,27,45,176);
Insert into EXAM_RESULT (RESULT_ID,EXAM_ID,MARKS,SR_NO) values (289,27,45,177);
Insert into EXAM_RESULT (RESULT_ID,EXAM_ID,MARKS,SR_NO) values (290,27,45,178);
Insert into EXAM_RESULT (RESULT_ID,EXAM_ID,MARKS,SR_NO) values (291,27,45,180);
Insert into EXAM_RESULT (RESULT_ID,EXAM_ID,MARKS,SR_NO) values (292,27,45,183);
Insert into EXAM_RESULT (RESULT_ID,EXAM_ID,MARKS,SR_NO) values (293,27,45,185);
Insert into EXAM_RESULT (RESULT_ID,EXAM_ID,MARKS,SR_NO) values (294,27,45,187);
Insert into EXAM_RESULT (RESULT_ID,EXAM_ID,MARKS,SR_NO) values (295,27,45,188);
Insert into EXAM_RESULT (RESULT_ID,EXAM_ID,MARKS,SR_NO) values (296,27,45,190);
Insert into EXAM_RESULT (RESULT_ID,EXAM_ID,MARKS,SR_NO) values (297,27,45,192);
Insert into EXAM_RESULT (RESULT_ID,EXAM_ID,MARKS,SR_NO) values (298,27,45,193);
Insert into EXAM_RESULT (RESULT_ID,EXAM_ID,MARKS,SR_NO) values (299,27,45,195);
Insert into EXAM_RESULT (RESULT_ID,EXAM_ID,MARKS,SR_NO) values (300,27,45,197);
Insert into EXAM_RESULT (RESULT_ID,EXAM_ID,MARKS,SR_NO) values (301,27,45,199);
Insert into EXAM_RESULT (RESULT_ID,EXAM_ID,MARKS,SR_NO) values (302,27,45,201);
Insert into EXAM_RESULT (RESULT_ID,EXAM_ID,MARKS,SR_NO) values (303,27,45,202);
Insert into EXAM_RESULT (RESULT_ID,EXAM_ID,MARKS,SR_NO) values (304,27,45,203);
Insert into EXAM_RESULT (RESULT_ID,EXAM_ID,MARKS,SR_NO) values (305,27,45,204);
Insert into EXAM_RESULT (RESULT_ID,EXAM_ID,MARKS,SR_NO) values (306,27,45,205);
Insert into EXAM_RESULT (RESULT_ID,EXAM_ID,MARKS,SR_NO) values (307,27,45,206);
Insert into EXAM_RESULT (RESULT_ID,EXAM_ID,MARKS,SR_NO) values (308,27,45,207);
Insert into EXAM_RESULT (RESULT_ID,EXAM_ID,MARKS,SR_NO) values (309,27,45,208);
Insert into EXAM_RESULT (RESULT_ID,EXAM_ID,MARKS,SR_NO) values (310,27,45,210);
Insert into EXAM_RESULT (RESULT_ID,EXAM_ID,MARKS,SR_NO) values (311,27,45,218);
Insert into EXAM_RESULT (RESULT_ID,EXAM_ID,MARKS,SR_NO) values (312,27,45,223);
Insert into EXAM_RESULT (RESULT_ID,EXAM_ID,MARKS,SR_NO) values (313,27,45,227);
Insert into EXAM_RESULT (RESULT_ID,EXAM_ID,MARKS,SR_NO) values (314,27,45,229);
Insert into EXAM_RESULT (RESULT_ID,EXAM_ID,MARKS,SR_NO) values (315,27,45,230);
Insert into EXAM_RESULT (RESULT_ID,EXAM_ID,MARKS,SR_NO) values (316,27,45,231);
Insert into EXAM_RESULT (RESULT_ID,EXAM_ID,MARKS,SR_NO) values (317,27,45,234);
Insert into EXAM_RESULT (RESULT_ID,EXAM_ID,MARKS,SR_NO) values (318,27,45,235);
Insert into EXAM_RESULT (RESULT_ID,EXAM_ID,MARKS,SR_NO) values (319,27,45,237);
Insert into EXAM_RESULT (RESULT_ID,EXAM_ID,MARKS,SR_NO) values (320,27,45,241);
Insert into EXAM_RESULT (RESULT_ID,EXAM_ID,MARKS,SR_NO) values (321,27,45,244);
Insert into EXAM_RESULT (RESULT_ID,EXAM_ID,MARKS,SR_NO) values (322,27,45,247);
Insert into EXAM_RESULT (RESULT_ID,EXAM_ID,MARKS,SR_NO) values (323,27,45,249);
Insert into EXAM_RESULT (RESULT_ID,EXAM_ID,MARKS,SR_NO) values (324,27,45,250);
Insert into EXAM_RESULT (RESULT_ID,EXAM_ID,MARKS,SR_NO) values (325,27,45,251);
Insert into EXAM_RESULT (RESULT_ID,EXAM_ID,MARKS,SR_NO) values (326,27,45,253);
Insert into EXAM_RESULT (RESULT_ID,EXAM_ID,MARKS,SR_NO) values (327,27,45,257);
Insert into EXAM_RESULT (RESULT_ID,EXAM_ID,MARKS,SR_NO) values (328,27,45,258);
Insert into EXAM_RESULT (RESULT_ID,EXAM_ID,MARKS,SR_NO) values (329,27,45,261);
Insert into EXAM_RESULT (RESULT_ID,EXAM_ID,MARKS,SR_NO) values (330,27,45,262);
Insert into EXAM_RESULT (RESULT_ID,EXAM_ID,MARKS,SR_NO) values (331,27,45,264);
Insert into EXAM_RESULT (RESULT_ID,EXAM_ID,MARKS,SR_NO) values (332,27,45,265);
Insert into EXAM_RESULT (RESULT_ID,EXAM_ID,MARKS,SR_NO) values (333,27,45,266);
Insert into EXAM_RESULT (RESULT_ID,EXAM_ID,MARKS,SR_NO) values (334,27,45,267);
Insert into EXAM_RESULT (RESULT_ID,EXAM_ID,MARKS,SR_NO) values (335,27,45,273);
Insert into EXAM_RESULT (RESULT_ID,EXAM_ID,MARKS,SR_NO) values (336,27,45,277);
Insert into EXAM_RESULT (RESULT_ID,EXAM_ID,MARKS,SR_NO) values (337,27,45,288);
Insert into EXAM_RESULT (RESULT_ID,EXAM_ID,MARKS,SR_NO) values (338,27,45,290);
Insert into EXAM_RESULT (RESULT_ID,EXAM_ID,MARKS,SR_NO) values (339,27,45,297);
Insert into EXAM_RESULT (RESULT_ID,EXAM_ID,MARKS,SR_NO) values (340,27,45,300);
Insert into EXAM_RESULT (RESULT_ID,EXAM_ID,MARKS,SR_NO) values (341,27,45,301);
Insert into EXAM_RESULT (RESULT_ID,EXAM_ID,MARKS,SR_NO) values (342,27,45,302);
Insert into EXAM_RESULT (RESULT_ID,EXAM_ID,MARKS,SR_NO) values (343,27,45,305);
Insert into EXAM_RESULT (RESULT_ID,EXAM_ID,MARKS,SR_NO) values (344,27,45,308);
Insert into EXAM_RESULT (RESULT_ID,EXAM_ID,MARKS,SR_NO) values (345,27,45,311);
Insert into EXAM_RESULT (RESULT_ID,EXAM_ID,MARKS,SR_NO) values (346,27,45,319);
Insert into EXAM_RESULT (RESULT_ID,EXAM_ID,MARKS,SR_NO) values (347,27,45,320);
Insert into EXAM_RESULT (RESULT_ID,EXAM_ID,MARKS,SR_NO) values (348,27,45,321);
Insert into EXAM_RESULT (RESULT_ID,EXAM_ID,MARKS,SR_NO) values (349,27,45,323);
Insert into EXAM_RESULT (RESULT_ID,EXAM_ID,MARKS,SR_NO) values (350,27,45,324);
Insert into EXAM_RESULT (RESULT_ID,EXAM_ID,MARKS,SR_NO) values (351,27,45,326);
Insert into EXAM_RESULT (RESULT_ID,EXAM_ID,MARKS,SR_NO) values (352,27,45,328);
Insert into EXAM_RESULT (RESULT_ID,EXAM_ID,MARKS,SR_NO) values (353,27,45,333);
Insert into EXAM_RESULT (RESULT_ID,EXAM_ID,MARKS,SR_NO) values (354,27,45,335);
Insert into EXAM_RESULT (RESULT_ID,EXAM_ID,MARKS,SR_NO) values (355,27,45,340);
Insert into EXAM_RESULT (RESULT_ID,EXAM_ID,MARKS,SR_NO) values (356,27,45,341);
Insert into EXAM_RESULT (RESULT_ID,EXAM_ID,MARKS,SR_NO) values (357,27,45,343);
Insert into EXAM_RESULT (RESULT_ID,EXAM_ID,MARKS,SR_NO) values (358,27,45,346);
Insert into EXAM_RESULT (RESULT_ID,EXAM_ID,MARKS,SR_NO) values (359,27,45,347);
Insert into EXAM_RESULT (RESULT_ID,EXAM_ID,MARKS,SR_NO) values (360,27,45,348);
Insert into EXAM_RESULT (RESULT_ID,EXAM_ID,MARKS,SR_NO) values (361,27,45,349);
Insert into EXAM_RESULT (RESULT_ID,EXAM_ID,MARKS,SR_NO) values (362,27,45,350);
Insert into EXAM_RESULT (RESULT_ID,EXAM_ID,MARKS,SR_NO) values (363,27,45,353);
Insert into EXAM_RESULT (RESULT_ID,EXAM_ID,MARKS,SR_NO) values (364,27,45,354);
Insert into EXAM_RESULT (RESULT_ID,EXAM_ID,MARKS,SR_NO) values (365,27,45,355);
Insert into EXAM_RESULT (RESULT_ID,EXAM_ID,MARKS,SR_NO) values (366,27,45,356);
Insert into EXAM_RESULT (RESULT_ID,EXAM_ID,MARKS,SR_NO) values (367,27,45,357);
Insert into EXAM_RESULT (RESULT_ID,EXAM_ID,MARKS,SR_NO) values (368,27,45,359);
Insert into EXAM_RESULT (RESULT_ID,EXAM_ID,MARKS,SR_NO) values (369,27,45,360);
Insert into EXAM_RESULT (RESULT_ID,EXAM_ID,MARKS,SR_NO) values (370,27,45,362);
Insert into EXAM_RESULT (RESULT_ID,EXAM_ID,MARKS,SR_NO) values (371,27,45,363);
Insert into EXAM_RESULT (RESULT_ID,EXAM_ID,MARKS,SR_NO) values (372,27,45,364);
Insert into EXAM_RESULT (RESULT_ID,EXAM_ID,MARKS,SR_NO) values (373,27,45,368);
Insert into EXAM_RESULT (RESULT_ID,EXAM_ID,MARKS,SR_NO) values (374,27,45,371);
Insert into EXAM_RESULT (RESULT_ID,EXAM_ID,MARKS,SR_NO) values (375,27,45,374);
Insert into EXAM_RESULT (RESULT_ID,EXAM_ID,MARKS,SR_NO) values (376,27,45,375);
Insert into EXAM_RESULT (RESULT_ID,EXAM_ID,MARKS,SR_NO) values (377,27,45,378);
Insert into EXAM_RESULT (RESULT_ID,EXAM_ID,MARKS,SR_NO) values (378,27,45,380);
Insert into EXAM_RESULT (RESULT_ID,EXAM_ID,MARKS,SR_NO) values (379,27,45,382);
Insert into EXAM_RESULT (RESULT_ID,EXAM_ID,MARKS,SR_NO) values (380,27,45,384);
Insert into EXAM_RESULT (RESULT_ID,EXAM_ID,MARKS,SR_NO) values (381,27,45,388);
Insert into EXAM_RESULT (RESULT_ID,EXAM_ID,MARKS,SR_NO) values (382,27,45,389);
Insert into EXAM_RESULT (RESULT_ID,EXAM_ID,MARKS,SR_NO) values (383,27,45,395);
Insert into EXAM_RESULT (RESULT_ID,EXAM_ID,MARKS,SR_NO) values (384,27,45,400);
Insert into EXAM_RESULT (RESULT_ID,EXAM_ID,MARKS,SR_NO) values (385,27,45,402);
Insert into EXAM_RESULT (RESULT_ID,EXAM_ID,MARKS,SR_NO) values (386,27,45,414);
Insert into EXAM_RESULT (RESULT_ID,EXAM_ID,MARKS,SR_NO) values (387,27,45,418);
Insert into EXAM_RESULT (RESULT_ID,EXAM_ID,MARKS,SR_NO) values (388,27,45,422);
Insert into EXAM_RESULT (RESULT_ID,EXAM_ID,MARKS,SR_NO) values (389,27,45,425);
Insert into EXAM_RESULT (RESULT_ID,EXAM_ID,MARKS,SR_NO) values (390,27,45,426);
Insert into EXAM_RESULT (RESULT_ID,EXAM_ID,MARKS,SR_NO) values (391,27,45,430);
Insert into EXAM_RESULT (RESULT_ID,EXAM_ID,MARKS,SR_NO) values (392,27,45,432);
Insert into EXAM_RESULT (RESULT_ID,EXAM_ID,MARKS,SR_NO) values (393,27,45,436);
Insert into EXAM_RESULT (RESULT_ID,EXAM_ID,MARKS,SR_NO) values (394,27,45,438);
Insert into EXAM_RESULT (RESULT_ID,EXAM_ID,MARKS,SR_NO) values (395,27,45,439);
Insert into EXAM_RESULT (RESULT_ID,EXAM_ID,MARKS,SR_NO) values (396,27,45,441);
Insert into EXAM_RESULT (RESULT_ID,EXAM_ID,MARKS,SR_NO) values (397,27,45,443);
Insert into EXAM_RESULT (RESULT_ID,EXAM_ID,MARKS,SR_NO) values (398,27,45,447);
Insert into EXAM_RESULT (RESULT_ID,EXAM_ID,MARKS,SR_NO) values (399,27,45,448);
Insert into EXAM_RESULT (RESULT_ID,EXAM_ID,MARKS,SR_NO) values (400,27,45,450);
Insert into EXAM_RESULT (RESULT_ID,EXAM_ID,MARKS,SR_NO) values (401,27,45,451);
Insert into EXAM_RESULT (RESULT_ID,EXAM_ID,MARKS,SR_NO) values (402,27,45,452);
Insert into EXAM_RESULT (RESULT_ID,EXAM_ID,MARKS,SR_NO) values (403,27,45,458);
Insert into EXAM_RESULT (RESULT_ID,EXAM_ID,MARKS,SR_NO) values (404,27,45,461);
Insert into EXAM_RESULT (RESULT_ID,EXAM_ID,MARKS,SR_NO) values (405,27,45,465);
Insert into EXAM_RESULT (RESULT_ID,EXAM_ID,MARKS,SR_NO) values (406,27,45,466);
Insert into EXAM_RESULT (RESULT_ID,EXAM_ID,MARKS,SR_NO) values (407,27,45,467);
Insert into EXAM_RESULT (RESULT_ID,EXAM_ID,MARKS,SR_NO) values (408,27,45,468);
Insert into EXAM_RESULT (RESULT_ID,EXAM_ID,MARKS,SR_NO) values (409,27,45,469);
Insert into EXAM_RESULT (RESULT_ID,EXAM_ID,MARKS,SR_NO) values (410,27,45,473);
Insert into EXAM_RESULT (RESULT_ID,EXAM_ID,MARKS,SR_NO) values (411,27,45,476);
Insert into EXAM_RESULT (RESULT_ID,EXAM_ID,MARKS,SR_NO) values (412,27,45,477);
Insert into EXAM_RESULT (RESULT_ID,EXAM_ID,MARKS,SR_NO) values (413,27,45,478);
Insert into EXAM_RESULT (RESULT_ID,EXAM_ID,MARKS,SR_NO) values (414,27,45,479);
Insert into EXAM_RESULT (RESULT_ID,EXAM_ID,MARKS,SR_NO) values (415,27,45,483);
Insert into EXAM_RESULT (RESULT_ID,EXAM_ID,MARKS,SR_NO) values (416,27,45,485);
Insert into EXAM_RESULT (RESULT_ID,EXAM_ID,MARKS,SR_NO) values (417,27,45,486);
Insert into EXAM_RESULT (RESULT_ID,EXAM_ID,MARKS,SR_NO) values (418,27,45,489);
Insert into EXAM_RESULT (RESULT_ID,EXAM_ID,MARKS,SR_NO) values (419,27,45,491);
Insert into EXAM_RESULT (RESULT_ID,EXAM_ID,MARKS,SR_NO) values (420,27,45,492);
Insert into EXAM_RESULT (RESULT_ID,EXAM_ID,MARKS,SR_NO) values (421,27,45,493);
Insert into EXAM_RESULT (RESULT_ID,EXAM_ID,MARKS,SR_NO) values (422,27,45,499);
Insert into EXAM_RESULT (RESULT_ID,EXAM_ID,MARKS,SR_NO) values (423,27,45,500);
Insert into EXAM_RESULT (RESULT_ID,EXAM_ID,MARKS,SR_NO) values (424,27,45,501);
Insert into EXAM_RESULT (RESULT_ID,EXAM_ID,MARKS,SR_NO) values (425,27,45,505);
Insert into EXAM_RESULT (RESULT_ID,EXAM_ID,MARKS,SR_NO) values (426,27,45,507);
Insert into EXAM_RESULT (RESULT_ID,EXAM_ID,MARKS,SR_NO) values (427,27,45,508);
Insert into EXAM_RESULT (RESULT_ID,EXAM_ID,MARKS,SR_NO) values (428,27,45,511);
Insert into EXAM_RESULT (RESULT_ID,EXAM_ID,MARKS,SR_NO) values (429,27,45,513);
Insert into EXAM_RESULT (RESULT_ID,EXAM_ID,MARKS,SR_NO) values (430,27,45,514);
Insert into EXAM_RESULT (RESULT_ID,EXAM_ID,MARKS,SR_NO) values (431,27,45,517);
Insert into EXAM_RESULT (RESULT_ID,EXAM_ID,MARKS,SR_NO) values (432,27,45,523);
Insert into EXAM_RESULT (RESULT_ID,EXAM_ID,MARKS,SR_NO) values (433,27,45,524);
Insert into EXAM_RESULT (RESULT_ID,EXAM_ID,MARKS,SR_NO) values (434,27,45,525);
Insert into EXAM_RESULT (RESULT_ID,EXAM_ID,MARKS,SR_NO) values (435,27,45,528);
Insert into EXAM_RESULT (RESULT_ID,EXAM_ID,MARKS,SR_NO) values (436,27,45,532);
Insert into EXAM_RESULT (RESULT_ID,EXAM_ID,MARKS,SR_NO) values (437,27,45,536);
Insert into EXAM_RESULT (RESULT_ID,EXAM_ID,MARKS,SR_NO) values (438,27,45,537);
Insert into EXAM_RESULT (RESULT_ID,EXAM_ID,MARKS,SR_NO) values (439,27,45,538);
Insert into EXAM_RESULT (RESULT_ID,EXAM_ID,MARKS,SR_NO) values (440,27,45,544);
Insert into EXAM_RESULT (RESULT_ID,EXAM_ID,MARKS,SR_NO) values (441,27,45,546);
Insert into EXAM_RESULT (RESULT_ID,EXAM_ID,MARKS,SR_NO) values (442,27,45,549);
Insert into EXAM_RESULT (RESULT_ID,EXAM_ID,MARKS,SR_NO) values (443,27,45,551);
Insert into EXAM_RESULT (RESULT_ID,EXAM_ID,MARKS,SR_NO) values (444,27,45,552);
Insert into EXAM_RESULT (RESULT_ID,EXAM_ID,MARKS,SR_NO) values (445,27,45,553);
Insert into EXAM_RESULT (RESULT_ID,EXAM_ID,MARKS,SR_NO) values (446,27,45,557);
Insert into EXAM_RESULT (RESULT_ID,EXAM_ID,MARKS,SR_NO) values (447,27,45,558);
Insert into EXAM_RESULT (RESULT_ID,EXAM_ID,MARKS,SR_NO) values (448,27,45,559);
Insert into EXAM_RESULT (RESULT_ID,EXAM_ID,MARKS,SR_NO) values (449,27,45,561);
Insert into EXAM_RESULT (RESULT_ID,EXAM_ID,MARKS,SR_NO) values (450,27,45,562);
Insert into EXAM_RESULT (RESULT_ID,EXAM_ID,MARKS,SR_NO) values (451,27,45,563);
Insert into EXAM_RESULT (RESULT_ID,EXAM_ID,MARKS,SR_NO) values (452,27,45,564);
Insert into EXAM_RESULT (RESULT_ID,EXAM_ID,MARKS,SR_NO) values (453,27,45,569);
Insert into EXAM_RESULT (RESULT_ID,EXAM_ID,MARKS,SR_NO) values (454,27,45,570);
Insert into EXAM_RESULT (RESULT_ID,EXAM_ID,MARKS,SR_NO) values (455,27,45,571);
Insert into EXAM_RESULT (RESULT_ID,EXAM_ID,MARKS,SR_NO) values (456,27,45,574);
Insert into EXAM_RESULT (RESULT_ID,EXAM_ID,MARKS,SR_NO) values (457,27,45,575);
Insert into EXAM_RESULT (RESULT_ID,EXAM_ID,MARKS,SR_NO) values (458,27,45,576);
Insert into EXAM_RESULT (RESULT_ID,EXAM_ID,MARKS,SR_NO) values (459,27,45,578);
Insert into EXAM_RESULT (RESULT_ID,EXAM_ID,MARKS,SR_NO) values (460,27,45,579);
Insert into EXAM_RESULT (RESULT_ID,EXAM_ID,MARKS,SR_NO) values (461,27,45,583);
Insert into EXAM_RESULT (RESULT_ID,EXAM_ID,MARKS,SR_NO) values (462,27,45,590);
Insert into EXAM_RESULT (RESULT_ID,EXAM_ID,MARKS,SR_NO) values (463,27,45,591);
Insert into EXAM_RESULT (RESULT_ID,EXAM_ID,MARKS,SR_NO) values (464,27,45,592);
REM INSERTING into FACULTY
SET DEFINE OFF;
Insert into FACULTY (FACULTY_ID,FULL_NAME,DESIGNATION,EMAIL,PHONE,DEPT_ID) values (1,'Dr. Muhammad Imran','Chairman','imran@ul.edu.pk','0301-1000001',1);
Insert into FACULTY (FACULTY_ID,FULL_NAME,DESIGNATION,EMAIL,PHONE,DEPT_ID) values (2,'Dr. Ahsan Ali','Assistant Professor','ahsan@ul.edu.pk','0301-1000002',1);
Insert into FACULTY (FACULTY_ID,FULL_NAME,DESIGNATION,EMAIL,PHONE,DEPT_ID) values (3,'Ms. Sana Tariq','Lecturer','sana@ul.edu.pk','0301-1000003',1);
Insert into FACULTY (FACULTY_ID,FULL_NAME,DESIGNATION,EMAIL,PHONE,DEPT_ID) values (4,'Mr. Usman Khalid','Lecturer','usman@ul.edu.pk','0301-1000004',2);
Insert into FACULTY (FACULTY_ID,FULL_NAME,DESIGNATION,EMAIL,PHONE,DEPT_ID) values (5,'Mr. Noman Jazeb','Lecturer','noman.jazeb@ul.edu.pk','0301-1000005',1);
Insert into FACULTY (FACULTY_ID,FULL_NAME,DESIGNATION,EMAIL,PHONE,DEPT_ID) values (6,'Mr. Ghulam Qadir','HOD','ghulam.qadir@ul.edu.pk','0301-1000006',1);
Insert into FACULTY (FACULTY_ID,FULL_NAME,DESIGNATION,EMAIL,PHONE,DEPT_ID) values (7,'Mr. Irfan Thind','Assistant Professor','irfan.thind@ul.edu.pk','0301-1000007',1);
Insert into FACULTY (FACULTY_ID,FULL_NAME,DESIGNATION,EMAIL,PHONE,DEPT_ID) values (8,'Mr. Faisal Thind','Lecturer','faisal.thind@ul.edu.pk','0301-1000008',1);
Insert into FACULTY (FACULTY_ID,FULL_NAME,DESIGNATION,EMAIL,PHONE,DEPT_ID) values (9,'Dr. Muhammad Arslan','Professor','arslan@ul.edu.pk','0301-1000009',8);
Insert into FACULTY (FACULTY_ID,FULL_NAME,DESIGNATION,EMAIL,PHONE,DEPT_ID) values (10,'Dr. Ali Raza','Associate Professor','ali.raza@ul.edu.pk','0301-1000010',9);
Insert into FACULTY (FACULTY_ID,FULL_NAME,DESIGNATION,EMAIL,PHONE,DEPT_ID) values (11,'Ms. Ayesha Malik','Assistant Professor','ayesha.malik@ul.edu.pk','0301-1000011',10);
Insert into FACULTY (FACULTY_ID,FULL_NAME,DESIGNATION,EMAIL,PHONE,DEPT_ID) values (12,'Mr. Hassan Nawaz','Lecturer','hassan.nawaz@ul.edu.pk','0301-1000012',11);
Insert into FACULTY (FACULTY_ID,FULL_NAME,DESIGNATION,EMAIL,PHONE,DEPT_ID) values (13,'Mr. Bilal Ahmed','Lecturer','bilal.ahmed@ul.edu.pk','0301-1000013',12);
Insert into FACULTY (FACULTY_ID,FULL_NAME,DESIGNATION,EMAIL,PHONE,DEPT_ID) values (14,'Ms. Komal Shah','Lecturer','komal.shah@ul.edu.pk','0301-1000014',13);
Insert into FACULTY (FACULTY_ID,FULL_NAME,DESIGNATION,EMAIL,PHONE,DEPT_ID) values (15,'Dr. Shahid Mehmood','Associate Professor','shahid.mehmood@ul.edu.pk','0301-1000015',14);
Insert into FACULTY (FACULTY_ID,FULL_NAME,DESIGNATION,EMAIL,PHONE,DEPT_ID) values (16,'Mr. Salman Aslam','Lecturer','salman.aslam@ul.edu.pk','0301-1000016',15);
Insert into FACULTY (FACULTY_ID,FULL_NAME,DESIGNATION,EMAIL,PHONE,DEPT_ID) values (17,'Ms. Rabia Khalid','Assistant Professor','rabia.khalid@ul.edu.pk','0301-1000017',16);
Insert into FACULTY (FACULTY_ID,FULL_NAME,DESIGNATION,EMAIL,PHONE,DEPT_ID) values (18,'Mr. Umar Farooq','Lecturer','umar.farooq@ul.edu.pk','0301-1000018',17);
Insert into FACULTY (FACULTY_ID,FULL_NAME,DESIGNATION,EMAIL,PHONE,DEPT_ID) values (19,'Dr. Naveed Akram','Professor','naveed.akram@ul.edu.pk','0301-1000019',18);
Insert into FACULTY (FACULTY_ID,FULL_NAME,DESIGNATION,EMAIL,PHONE,DEPT_ID) values (20,'Mr. Saadullah Khan','Lecturer','saadullah.khan@ul.edu.pk','0301-1000020',19);
REM INSERTING into FEE
SET DEFINE OFF;
Insert into FEE (FEE_ID,FEE_TYPE,AMOUNT,DUE_DATE,STATUS,SR_NO) values (1,'Semester Fee',25000,to_date('15-OCT-24','DD-MON-RR'),'Unpaid',23);
Insert into FEE (FEE_ID,FEE_TYPE,AMOUNT,DUE_DATE,STATUS,SR_NO) values (2,'Semester Fee',25000,to_date('15-OCT-24','DD-MON-RR'),'Unpaid',26);
Insert into FEE (FEE_ID,FEE_TYPE,AMOUNT,DUE_DATE,STATUS,SR_NO) values (3,'Semester Fee',25000,to_date('15-OCT-24','DD-MON-RR'),'Unpaid',29);
Insert into FEE (FEE_ID,FEE_TYPE,AMOUNT,DUE_DATE,STATUS,SR_NO) values (4,'Semester Fee',25000,to_date('15-OCT-24','DD-MON-RR'),'Unpaid',32);
Insert into FEE (FEE_ID,FEE_TYPE,AMOUNT,DUE_DATE,STATUS,SR_NO) values (5,'Semester Fee',25000,to_date('15-OCT-24','DD-MON-RR'),'Unpaid',38);
Insert into FEE (FEE_ID,FEE_TYPE,AMOUNT,DUE_DATE,STATUS,SR_NO) values (6,'Semester Fee',30000,to_date('15-OCT-24','DD-MON-RR'),'Unpaid',40);
Insert into FEE (FEE_ID,FEE_TYPE,AMOUNT,DUE_DATE,STATUS,SR_NO) values (7,'Semester Fee',25000,to_date('15-OCT-24','DD-MON-RR'),'Unpaid',45);
Insert into FEE (FEE_ID,FEE_TYPE,AMOUNT,DUE_DATE,STATUS,SR_NO) values (8,'Semester Fee',25000,to_date('15-OCT-24','DD-MON-RR'),'Unpaid',46);
Insert into FEE (FEE_ID,FEE_TYPE,AMOUNT,DUE_DATE,STATUS,SR_NO) values (9,'Semester Fee',25000,to_date('15-OCT-24','DD-MON-RR'),'Unpaid',47);
Insert into FEE (FEE_ID,FEE_TYPE,AMOUNT,DUE_DATE,STATUS,SR_NO) values (10,'Semester Fee',25000,to_date('15-OCT-24','DD-MON-RR'),'Unpaid',49);
Insert into FEE (FEE_ID,FEE_TYPE,AMOUNT,DUE_DATE,STATUS,SR_NO) values (11,'Semester Fee',30000,to_date('15-OCT-24','DD-MON-RR'),'Unpaid',50);
Insert into FEE (FEE_ID,FEE_TYPE,AMOUNT,DUE_DATE,STATUS,SR_NO) values (12,'Semester Fee',25000,to_date('15-OCT-24','DD-MON-RR'),'Unpaid',53);
Insert into FEE (FEE_ID,FEE_TYPE,AMOUNT,DUE_DATE,STATUS,SR_NO) values (13,'Semester Fee',25000,to_date('15-OCT-24','DD-MON-RR'),'Unpaid',56);
Insert into FEE (FEE_ID,FEE_TYPE,AMOUNT,DUE_DATE,STATUS,SR_NO) values (14,'Semester Fee',25000,to_date('15-OCT-24','DD-MON-RR'),'Unpaid',59);
Insert into FEE (FEE_ID,FEE_TYPE,AMOUNT,DUE_DATE,STATUS,SR_NO) values (15,'Semester Fee',25000,to_date('15-OCT-24','DD-MON-RR'),'Unpaid',61);
Insert into FEE (FEE_ID,FEE_TYPE,AMOUNT,DUE_DATE,STATUS,SR_NO) values (16,'Semester Fee',25000,to_date('15-OCT-24','DD-MON-RR'),'Unpaid',68);
Insert into FEE (FEE_ID,FEE_TYPE,AMOUNT,DUE_DATE,STATUS,SR_NO) values (17,'Semester Fee',25000,to_date('15-OCT-24','DD-MON-RR'),'Unpaid',71);
Insert into FEE (FEE_ID,FEE_TYPE,AMOUNT,DUE_DATE,STATUS,SR_NO) values (18,'Semester Fee',25000,to_date('15-OCT-24','DD-MON-RR'),'Unpaid',81);
Insert into FEE (FEE_ID,FEE_TYPE,AMOUNT,DUE_DATE,STATUS,SR_NO) values (19,'Semester Fee',25000,to_date('15-OCT-24','DD-MON-RR'),'Unpaid',84);
Insert into FEE (FEE_ID,FEE_TYPE,AMOUNT,DUE_DATE,STATUS,SR_NO) values (20,'Semester Fee',25000,to_date('15-OCT-24','DD-MON-RR'),'Unpaid',86);
Insert into FEE (FEE_ID,FEE_TYPE,AMOUNT,DUE_DATE,STATUS,SR_NO) values (21,'Semester Fee',30000,to_date('15-OCT-24','DD-MON-RR'),'Unpaid',90);
Insert into FEE (FEE_ID,FEE_TYPE,AMOUNT,DUE_DATE,STATUS,SR_NO) values (22,'Semester Fee',25000,to_date('15-OCT-24','DD-MON-RR'),'Unpaid',93);
Insert into FEE (FEE_ID,FEE_TYPE,AMOUNT,DUE_DATE,STATUS,SR_NO) values (23,'Semester Fee',25000,to_date('15-OCT-24','DD-MON-RR'),'Unpaid',94);
Insert into FEE (FEE_ID,FEE_TYPE,AMOUNT,DUE_DATE,STATUS,SR_NO) values (24,'Semester Fee',25000,to_date('15-OCT-24','DD-MON-RR'),'Unpaid',96);
Insert into FEE (FEE_ID,FEE_TYPE,AMOUNT,DUE_DATE,STATUS,SR_NO) values (25,'Semester Fee',25000,to_date('15-OCT-24','DD-MON-RR'),'Unpaid',97);
Insert into FEE (FEE_ID,FEE_TYPE,AMOUNT,DUE_DATE,STATUS,SR_NO) values (26,'Semester Fee',25000,to_date('15-OCT-24','DD-MON-RR'),'Unpaid',98);
Insert into FEE (FEE_ID,FEE_TYPE,AMOUNT,DUE_DATE,STATUS,SR_NO) values (27,'Semester Fee',25000,to_date('15-OCT-24','DD-MON-RR'),'Unpaid',99);
Insert into FEE (FEE_ID,FEE_TYPE,AMOUNT,DUE_DATE,STATUS,SR_NO) values (28,'Semester Fee',25000,to_date('15-OCT-24','DD-MON-RR'),'Unpaid',103);
Insert into FEE (FEE_ID,FEE_TYPE,AMOUNT,DUE_DATE,STATUS,SR_NO) values (29,'Semester Fee',25000,to_date('15-OCT-24','DD-MON-RR'),'Unpaid',106);
Insert into FEE (FEE_ID,FEE_TYPE,AMOUNT,DUE_DATE,STATUS,SR_NO) values (30,'Semester Fee',25000,to_date('15-OCT-24','DD-MON-RR'),'Unpaid',107);
Insert into FEE (FEE_ID,FEE_TYPE,AMOUNT,DUE_DATE,STATUS,SR_NO) values (31,'Semester Fee',25000,to_date('15-OCT-24','DD-MON-RR'),'Unpaid',109);
Insert into FEE (FEE_ID,FEE_TYPE,AMOUNT,DUE_DATE,STATUS,SR_NO) values (32,'Semester Fee',25000,to_date('15-OCT-24','DD-MON-RR'),'Unpaid',112);
Insert into FEE (FEE_ID,FEE_TYPE,AMOUNT,DUE_DATE,STATUS,SR_NO) values (33,'Semester Fee',25000,to_date('15-OCT-24','DD-MON-RR'),'Unpaid',113);
Insert into FEE (FEE_ID,FEE_TYPE,AMOUNT,DUE_DATE,STATUS,SR_NO) values (34,'Semester Fee',25000,to_date('15-OCT-24','DD-MON-RR'),'Unpaid',114);
Insert into FEE (FEE_ID,FEE_TYPE,AMOUNT,DUE_DATE,STATUS,SR_NO) values (35,'Semester Fee',25000,to_date('15-OCT-24','DD-MON-RR'),'Unpaid',117);
Insert into FEE (FEE_ID,FEE_TYPE,AMOUNT,DUE_DATE,STATUS,SR_NO) values (36,'Semester Fee',25000,to_date('15-OCT-24','DD-MON-RR'),'Unpaid',121);
Insert into FEE (FEE_ID,FEE_TYPE,AMOUNT,DUE_DATE,STATUS,SR_NO) values (37,'Semester Fee',25000,to_date('15-OCT-24','DD-MON-RR'),'Unpaid',128);
Insert into FEE (FEE_ID,FEE_TYPE,AMOUNT,DUE_DATE,STATUS,SR_NO) values (38,'Semester Fee',25000,to_date('15-OCT-24','DD-MON-RR'),'Unpaid',131);
Insert into FEE (FEE_ID,FEE_TYPE,AMOUNT,DUE_DATE,STATUS,SR_NO) values (39,'Semester Fee',25000,to_date('15-OCT-24','DD-MON-RR'),'Unpaid',135);
Insert into FEE (FEE_ID,FEE_TYPE,AMOUNT,DUE_DATE,STATUS,SR_NO) values (40,'Semester Fee',25000,to_date('15-OCT-24','DD-MON-RR'),'Unpaid',138);
Insert into FEE (FEE_ID,FEE_TYPE,AMOUNT,DUE_DATE,STATUS,SR_NO) values (41,'Semester Fee',30000,to_date('15-OCT-24','DD-MON-RR'),'Unpaid',140);
Insert into FEE (FEE_ID,FEE_TYPE,AMOUNT,DUE_DATE,STATUS,SR_NO) values (42,'Semester Fee',25000,to_date('15-OCT-24','DD-MON-RR'),'Unpaid',142);
Insert into FEE (FEE_ID,FEE_TYPE,AMOUNT,DUE_DATE,STATUS,SR_NO) values (43,'Semester Fee',25000,to_date('15-OCT-24','DD-MON-RR'),'Unpaid',143);
Insert into FEE (FEE_ID,FEE_TYPE,AMOUNT,DUE_DATE,STATUS,SR_NO) values (44,'Semester Fee',25000,to_date('15-OCT-24','DD-MON-RR'),'Unpaid',145);
Insert into FEE (FEE_ID,FEE_TYPE,AMOUNT,DUE_DATE,STATUS,SR_NO) values (45,'Semester Fee',25000,to_date('15-OCT-24','DD-MON-RR'),'Unpaid',148);
Insert into FEE (FEE_ID,FEE_TYPE,AMOUNT,DUE_DATE,STATUS,SR_NO) values (46,'Semester Fee',25000,to_date('15-OCT-24','DD-MON-RR'),'Unpaid',151);
Insert into FEE (FEE_ID,FEE_TYPE,AMOUNT,DUE_DATE,STATUS,SR_NO) values (47,'Semester Fee',25000,to_date('15-OCT-24','DD-MON-RR'),'Unpaid',152);
Insert into FEE (FEE_ID,FEE_TYPE,AMOUNT,DUE_DATE,STATUS,SR_NO) values (48,'Semester Fee',25000,to_date('15-OCT-24','DD-MON-RR'),'Unpaid',154);
Insert into FEE (FEE_ID,FEE_TYPE,AMOUNT,DUE_DATE,STATUS,SR_NO) values (49,'Semester Fee',25000,to_date('15-OCT-24','DD-MON-RR'),'Unpaid',155);
Insert into FEE (FEE_ID,FEE_TYPE,AMOUNT,DUE_DATE,STATUS,SR_NO) values (50,'Semester Fee',25000,to_date('15-OCT-24','DD-MON-RR'),'Unpaid',156);
Insert into FEE (FEE_ID,FEE_TYPE,AMOUNT,DUE_DATE,STATUS,SR_NO) values (51,'Semester Fee',25000,to_date('15-OCT-24','DD-MON-RR'),'Unpaid',158);
Insert into FEE (FEE_ID,FEE_TYPE,AMOUNT,DUE_DATE,STATUS,SR_NO) values (52,'Semester Fee',30000,to_date('15-OCT-24','DD-MON-RR'),'Unpaid',160);
Insert into FEE (FEE_ID,FEE_TYPE,AMOUNT,DUE_DATE,STATUS,SR_NO) values (53,'Semester Fee',25000,to_date('15-OCT-24','DD-MON-RR'),'Unpaid',162);
Insert into FEE (FEE_ID,FEE_TYPE,AMOUNT,DUE_DATE,STATUS,SR_NO) values (54,'Semester Fee',25000,to_date('15-OCT-24','DD-MON-RR'),'Unpaid',169);
Insert into FEE (FEE_ID,FEE_TYPE,AMOUNT,DUE_DATE,STATUS,SR_NO) values (55,'Semester Fee',25000,to_date('15-OCT-24','DD-MON-RR'),'Unpaid',172);
Insert into FEE (FEE_ID,FEE_TYPE,AMOUNT,DUE_DATE,STATUS,SR_NO) values (56,'Semester Fee',25000,to_date('15-OCT-24','DD-MON-RR'),'Unpaid',176);
Insert into FEE (FEE_ID,FEE_TYPE,AMOUNT,DUE_DATE,STATUS,SR_NO) values (57,'Semester Fee',25000,to_date('15-OCT-24','DD-MON-RR'),'Unpaid',177);
Insert into FEE (FEE_ID,FEE_TYPE,AMOUNT,DUE_DATE,STATUS,SR_NO) values (58,'Semester Fee',25000,to_date('15-OCT-24','DD-MON-RR'),'Unpaid',178);
Insert into FEE (FEE_ID,FEE_TYPE,AMOUNT,DUE_DATE,STATUS,SR_NO) values (59,'Semester Fee',30000,to_date('15-OCT-24','DD-MON-RR'),'Unpaid',180);
Insert into FEE (FEE_ID,FEE_TYPE,AMOUNT,DUE_DATE,STATUS,SR_NO) values (60,'Semester Fee',25000,to_date('15-OCT-24','DD-MON-RR'),'Unpaid',183);
Insert into FEE (FEE_ID,FEE_TYPE,AMOUNT,DUE_DATE,STATUS,SR_NO) values (61,'Semester Fee',25000,to_date('15-OCT-24','DD-MON-RR'),'Unpaid',185);
Insert into FEE (FEE_ID,FEE_TYPE,AMOUNT,DUE_DATE,STATUS,SR_NO) values (62,'Semester Fee',25000,to_date('15-OCT-24','DD-MON-RR'),'Unpaid',187);
Insert into FEE (FEE_ID,FEE_TYPE,AMOUNT,DUE_DATE,STATUS,SR_NO) values (63,'Semester Fee',25000,to_date('15-OCT-24','DD-MON-RR'),'Unpaid',188);
Insert into FEE (FEE_ID,FEE_TYPE,AMOUNT,DUE_DATE,STATUS,SR_NO) values (64,'Semester Fee',30000,to_date('15-OCT-24','DD-MON-RR'),'Unpaid',190);
Insert into FEE (FEE_ID,FEE_TYPE,AMOUNT,DUE_DATE,STATUS,SR_NO) values (65,'Semester Fee',25000,to_date('15-OCT-24','DD-MON-RR'),'Unpaid',192);
Insert into FEE (FEE_ID,FEE_TYPE,AMOUNT,DUE_DATE,STATUS,SR_NO) values (66,'Semester Fee',25000,to_date('15-OCT-24','DD-MON-RR'),'Unpaid',193);
Insert into FEE (FEE_ID,FEE_TYPE,AMOUNT,DUE_DATE,STATUS,SR_NO) values (67,'Semester Fee',25000,to_date('15-OCT-24','DD-MON-RR'),'Unpaid',195);
Insert into FEE (FEE_ID,FEE_TYPE,AMOUNT,DUE_DATE,STATUS,SR_NO) values (68,'Semester Fee',25000,to_date('15-OCT-24','DD-MON-RR'),'Unpaid',197);
Insert into FEE (FEE_ID,FEE_TYPE,AMOUNT,DUE_DATE,STATUS,SR_NO) values (69,'Semester Fee',25000,to_date('15-OCT-24','DD-MON-RR'),'Unpaid',199);
Insert into FEE (FEE_ID,FEE_TYPE,AMOUNT,DUE_DATE,STATUS,SR_NO) values (70,'Semester Fee',25000,to_date('15-OCT-24','DD-MON-RR'),'Unpaid',201);
Insert into FEE (FEE_ID,FEE_TYPE,AMOUNT,DUE_DATE,STATUS,SR_NO) values (71,'Semester Fee',25000,to_date('15-OCT-24','DD-MON-RR'),'Unpaid',202);
Insert into FEE (FEE_ID,FEE_TYPE,AMOUNT,DUE_DATE,STATUS,SR_NO) values (72,'Semester Fee',25000,to_date('15-OCT-24','DD-MON-RR'),'Unpaid',203);
Insert into FEE (FEE_ID,FEE_TYPE,AMOUNT,DUE_DATE,STATUS,SR_NO) values (73,'Semester Fee',25000,to_date('15-OCT-24','DD-MON-RR'),'Unpaid',204);
Insert into FEE (FEE_ID,FEE_TYPE,AMOUNT,DUE_DATE,STATUS,SR_NO) values (74,'Semester Fee',25000,to_date('15-OCT-24','DD-MON-RR'),'Unpaid',205);
Insert into FEE (FEE_ID,FEE_TYPE,AMOUNT,DUE_DATE,STATUS,SR_NO) values (75,'Semester Fee',25000,to_date('15-OCT-24','DD-MON-RR'),'Unpaid',206);
Insert into FEE (FEE_ID,FEE_TYPE,AMOUNT,DUE_DATE,STATUS,SR_NO) values (76,'Semester Fee',25000,to_date('15-OCT-24','DD-MON-RR'),'Unpaid',207);
Insert into FEE (FEE_ID,FEE_TYPE,AMOUNT,DUE_DATE,STATUS,SR_NO) values (77,'Semester Fee',25000,to_date('15-OCT-24','DD-MON-RR'),'Unpaid',208);
Insert into FEE (FEE_ID,FEE_TYPE,AMOUNT,DUE_DATE,STATUS,SR_NO) values (78,'Semester Fee',30000,to_date('15-OCT-24','DD-MON-RR'),'Unpaid',210);
Insert into FEE (FEE_ID,FEE_TYPE,AMOUNT,DUE_DATE,STATUS,SR_NO) values (79,'Semester Fee',25000,to_date('15-OCT-24','DD-MON-RR'),'Unpaid',218);
Insert into FEE (FEE_ID,FEE_TYPE,AMOUNT,DUE_DATE,STATUS,SR_NO) values (80,'Semester Fee',25000,to_date('15-OCT-24','DD-MON-RR'),'Unpaid',223);
Insert into FEE (FEE_ID,FEE_TYPE,AMOUNT,DUE_DATE,STATUS,SR_NO) values (81,'Semester Fee',25000,to_date('15-OCT-24','DD-MON-RR'),'Unpaid',227);
Insert into FEE (FEE_ID,FEE_TYPE,AMOUNT,DUE_DATE,STATUS,SR_NO) values (82,'Semester Fee',25000,to_date('15-OCT-24','DD-MON-RR'),'Unpaid',229);
Insert into FEE (FEE_ID,FEE_TYPE,AMOUNT,DUE_DATE,STATUS,SR_NO) values (83,'Semester Fee',30000,to_date('15-OCT-24','DD-MON-RR'),'Unpaid',230);
Insert into FEE (FEE_ID,FEE_TYPE,AMOUNT,DUE_DATE,STATUS,SR_NO) values (84,'Semester Fee',25000,to_date('15-OCT-24','DD-MON-RR'),'Unpaid',231);
Insert into FEE (FEE_ID,FEE_TYPE,AMOUNT,DUE_DATE,STATUS,SR_NO) values (85,'Semester Fee',25000,to_date('15-OCT-24','DD-MON-RR'),'Unpaid',234);
Insert into FEE (FEE_ID,FEE_TYPE,AMOUNT,DUE_DATE,STATUS,SR_NO) values (86,'Semester Fee',25000,to_date('15-OCT-24','DD-MON-RR'),'Unpaid',235);
Insert into FEE (FEE_ID,FEE_TYPE,AMOUNT,DUE_DATE,STATUS,SR_NO) values (87,'Semester Fee',25000,to_date('15-OCT-24','DD-MON-RR'),'Unpaid',237);
Insert into FEE (FEE_ID,FEE_TYPE,AMOUNT,DUE_DATE,STATUS,SR_NO) values (88,'Semester Fee',25000,to_date('15-OCT-24','DD-MON-RR'),'Unpaid',241);
Insert into FEE (FEE_ID,FEE_TYPE,AMOUNT,DUE_DATE,STATUS,SR_NO) values (89,'Semester Fee',25000,to_date('15-OCT-24','DD-MON-RR'),'Unpaid',244);
Insert into FEE (FEE_ID,FEE_TYPE,AMOUNT,DUE_DATE,STATUS,SR_NO) values (90,'Semester Fee',25000,to_date('15-OCT-24','DD-MON-RR'),'Unpaid',247);
Insert into FEE (FEE_ID,FEE_TYPE,AMOUNT,DUE_DATE,STATUS,SR_NO) values (91,'Semester Fee',25000,to_date('15-OCT-24','DD-MON-RR'),'Unpaid',249);
Insert into FEE (FEE_ID,FEE_TYPE,AMOUNT,DUE_DATE,STATUS,SR_NO) values (92,'Semester Fee',30000,to_date('15-OCT-24','DD-MON-RR'),'Unpaid',250);
Insert into FEE (FEE_ID,FEE_TYPE,AMOUNT,DUE_DATE,STATUS,SR_NO) values (93,'Semester Fee',25000,to_date('15-OCT-24','DD-MON-RR'),'Unpaid',251);
Insert into FEE (FEE_ID,FEE_TYPE,AMOUNT,DUE_DATE,STATUS,SR_NO) values (94,'Semester Fee',25000,to_date('15-OCT-24','DD-MON-RR'),'Unpaid',253);
Insert into FEE (FEE_ID,FEE_TYPE,AMOUNT,DUE_DATE,STATUS,SR_NO) values (95,'Semester Fee',25000,to_date('15-OCT-24','DD-MON-RR'),'Unpaid',257);
Insert into FEE (FEE_ID,FEE_TYPE,AMOUNT,DUE_DATE,STATUS,SR_NO) values (96,'Semester Fee',25000,to_date('15-OCT-24','DD-MON-RR'),'Unpaid',258);
Insert into FEE (FEE_ID,FEE_TYPE,AMOUNT,DUE_DATE,STATUS,SR_NO) values (97,'Semester Fee',25000,to_date('15-OCT-24','DD-MON-RR'),'Unpaid',261);
Insert into FEE (FEE_ID,FEE_TYPE,AMOUNT,DUE_DATE,STATUS,SR_NO) values (98,'Semester Fee',25000,to_date('15-OCT-24','DD-MON-RR'),'Unpaid',262);
Insert into FEE (FEE_ID,FEE_TYPE,AMOUNT,DUE_DATE,STATUS,SR_NO) values (99,'Semester Fee',25000,to_date('15-OCT-24','DD-MON-RR'),'Unpaid',264);
Insert into FEE (FEE_ID,FEE_TYPE,AMOUNT,DUE_DATE,STATUS,SR_NO) values (100,'Semester Fee',25000,to_date('15-OCT-24','DD-MON-RR'),'Unpaid',265);
Insert into FEE (FEE_ID,FEE_TYPE,AMOUNT,DUE_DATE,STATUS,SR_NO) values (101,'Semester Fee',25000,to_date('15-OCT-24','DD-MON-RR'),'Unpaid',266);
Insert into FEE (FEE_ID,FEE_TYPE,AMOUNT,DUE_DATE,STATUS,SR_NO) values (102,'Semester Fee',25000,to_date('15-OCT-24','DD-MON-RR'),'Unpaid',267);
Insert into FEE (FEE_ID,FEE_TYPE,AMOUNT,DUE_DATE,STATUS,SR_NO) values (103,'Semester Fee',25000,to_date('15-OCT-24','DD-MON-RR'),'Unpaid',273);
Insert into FEE (FEE_ID,FEE_TYPE,AMOUNT,DUE_DATE,STATUS,SR_NO) values (104,'Semester Fee',25000,to_date('15-OCT-24','DD-MON-RR'),'Unpaid',277);
Insert into FEE (FEE_ID,FEE_TYPE,AMOUNT,DUE_DATE,STATUS,SR_NO) values (105,'Semester Fee',25000,to_date('15-OCT-24','DD-MON-RR'),'Unpaid',288);
Insert into FEE (FEE_ID,FEE_TYPE,AMOUNT,DUE_DATE,STATUS,SR_NO) values (106,'Semester Fee',30000,to_date('15-OCT-24','DD-MON-RR'),'Unpaid',290);
Insert into FEE (FEE_ID,FEE_TYPE,AMOUNT,DUE_DATE,STATUS,SR_NO) values (107,'Semester Fee',25000,to_date('15-OCT-24','DD-MON-RR'),'Unpaid',297);
Insert into FEE (FEE_ID,FEE_TYPE,AMOUNT,DUE_DATE,STATUS,SR_NO) values (108,'Semester Fee',30000,to_date('15-OCT-24','DD-MON-RR'),'Unpaid',300);
Insert into FEE (FEE_ID,FEE_TYPE,AMOUNT,DUE_DATE,STATUS,SR_NO) values (109,'Semester Fee',25000,to_date('15-OCT-24','DD-MON-RR'),'Unpaid',301);
Insert into FEE (FEE_ID,FEE_TYPE,AMOUNT,DUE_DATE,STATUS,SR_NO) values (110,'Semester Fee',25000,to_date('15-OCT-24','DD-MON-RR'),'Unpaid',302);
Insert into FEE (FEE_ID,FEE_TYPE,AMOUNT,DUE_DATE,STATUS,SR_NO) values (111,'Semester Fee',25000,to_date('15-OCT-24','DD-MON-RR'),'Unpaid',305);
Insert into FEE (FEE_ID,FEE_TYPE,AMOUNT,DUE_DATE,STATUS,SR_NO) values (112,'Semester Fee',25000,to_date('15-OCT-24','DD-MON-RR'),'Unpaid',308);
Insert into FEE (FEE_ID,FEE_TYPE,AMOUNT,DUE_DATE,STATUS,SR_NO) values (113,'Semester Fee',25000,to_date('15-OCT-24','DD-MON-RR'),'Unpaid',311);
Insert into FEE (FEE_ID,FEE_TYPE,AMOUNT,DUE_DATE,STATUS,SR_NO) values (114,'Semester Fee',25000,to_date('15-OCT-24','DD-MON-RR'),'Unpaid',319);
Insert into FEE (FEE_ID,FEE_TYPE,AMOUNT,DUE_DATE,STATUS,SR_NO) values (115,'Semester Fee',30000,to_date('15-OCT-24','DD-MON-RR'),'Unpaid',320);
Insert into FEE (FEE_ID,FEE_TYPE,AMOUNT,DUE_DATE,STATUS,SR_NO) values (116,'Semester Fee',25000,to_date('15-OCT-24','DD-MON-RR'),'Unpaid',321);
Insert into FEE (FEE_ID,FEE_TYPE,AMOUNT,DUE_DATE,STATUS,SR_NO) values (117,'Semester Fee',25000,to_date('15-OCT-24','DD-MON-RR'),'Unpaid',323);
Insert into FEE (FEE_ID,FEE_TYPE,AMOUNT,DUE_DATE,STATUS,SR_NO) values (118,'Semester Fee',25000,to_date('15-OCT-24','DD-MON-RR'),'Unpaid',324);
Insert into FEE (FEE_ID,FEE_TYPE,AMOUNT,DUE_DATE,STATUS,SR_NO) values (119,'Semester Fee',25000,to_date('15-OCT-24','DD-MON-RR'),'Unpaid',326);
Insert into FEE (FEE_ID,FEE_TYPE,AMOUNT,DUE_DATE,STATUS,SR_NO) values (120,'Semester Fee',25000,to_date('15-OCT-24','DD-MON-RR'),'Unpaid',328);
Insert into FEE (FEE_ID,FEE_TYPE,AMOUNT,DUE_DATE,STATUS,SR_NO) values (121,'Semester Fee',25000,to_date('15-OCT-24','DD-MON-RR'),'Unpaid',333);
Insert into FEE (FEE_ID,FEE_TYPE,AMOUNT,DUE_DATE,STATUS,SR_NO) values (122,'Semester Fee',25000,to_date('15-OCT-24','DD-MON-RR'),'Unpaid',335);
Insert into FEE (FEE_ID,FEE_TYPE,AMOUNT,DUE_DATE,STATUS,SR_NO) values (123,'Semester Fee',30000,to_date('15-OCT-24','DD-MON-RR'),'Unpaid',340);
Insert into FEE (FEE_ID,FEE_TYPE,AMOUNT,DUE_DATE,STATUS,SR_NO) values (124,'Semester Fee',25000,to_date('15-OCT-24','DD-MON-RR'),'Unpaid',341);
Insert into FEE (FEE_ID,FEE_TYPE,AMOUNT,DUE_DATE,STATUS,SR_NO) values (125,'Semester Fee',25000,to_date('15-OCT-24','DD-MON-RR'),'Unpaid',343);
Insert into FEE (FEE_ID,FEE_TYPE,AMOUNT,DUE_DATE,STATUS,SR_NO) values (126,'Semester Fee',25000,to_date('15-OCT-24','DD-MON-RR'),'Unpaid',346);
Insert into FEE (FEE_ID,FEE_TYPE,AMOUNT,DUE_DATE,STATUS,SR_NO) values (127,'Semester Fee',25000,to_date('15-OCT-24','DD-MON-RR'),'Unpaid',347);
Insert into FEE (FEE_ID,FEE_TYPE,AMOUNT,DUE_DATE,STATUS,SR_NO) values (128,'Semester Fee',25000,to_date('15-OCT-24','DD-MON-RR'),'Unpaid',348);
Insert into FEE (FEE_ID,FEE_TYPE,AMOUNT,DUE_DATE,STATUS,SR_NO) values (129,'Semester Fee',25000,to_date('15-OCT-24','DD-MON-RR'),'Unpaid',349);
Insert into FEE (FEE_ID,FEE_TYPE,AMOUNT,DUE_DATE,STATUS,SR_NO) values (130,'Semester Fee',30000,to_date('15-OCT-24','DD-MON-RR'),'Unpaid',350);
Insert into FEE (FEE_ID,FEE_TYPE,AMOUNT,DUE_DATE,STATUS,SR_NO) values (131,'Semester Fee',25000,to_date('15-OCT-24','DD-MON-RR'),'Unpaid',353);
Insert into FEE (FEE_ID,FEE_TYPE,AMOUNT,DUE_DATE,STATUS,SR_NO) values (132,'Semester Fee',25000,to_date('15-OCT-24','DD-MON-RR'),'Unpaid',354);
Insert into FEE (FEE_ID,FEE_TYPE,AMOUNT,DUE_DATE,STATUS,SR_NO) values (133,'Semester Fee',25000,to_date('15-OCT-24','DD-MON-RR'),'Unpaid',355);
Insert into FEE (FEE_ID,FEE_TYPE,AMOUNT,DUE_DATE,STATUS,SR_NO) values (134,'Semester Fee',25000,to_date('15-OCT-24','DD-MON-RR'),'Unpaid',356);
Insert into FEE (FEE_ID,FEE_TYPE,AMOUNT,DUE_DATE,STATUS,SR_NO) values (135,'Semester Fee',25000,to_date('15-OCT-24','DD-MON-RR'),'Unpaid',357);
Insert into FEE (FEE_ID,FEE_TYPE,AMOUNT,DUE_DATE,STATUS,SR_NO) values (136,'Semester Fee',25000,to_date('15-OCT-24','DD-MON-RR'),'Unpaid',359);
Insert into FEE (FEE_ID,FEE_TYPE,AMOUNT,DUE_DATE,STATUS,SR_NO) values (137,'Semester Fee',30000,to_date('15-OCT-24','DD-MON-RR'),'Unpaid',360);
Insert into FEE (FEE_ID,FEE_TYPE,AMOUNT,DUE_DATE,STATUS,SR_NO) values (138,'Semester Fee',25000,to_date('15-OCT-24','DD-MON-RR'),'Unpaid',362);
Insert into FEE (FEE_ID,FEE_TYPE,AMOUNT,DUE_DATE,STATUS,SR_NO) values (139,'Semester Fee',25000,to_date('15-OCT-24','DD-MON-RR'),'Unpaid',363);
Insert into FEE (FEE_ID,FEE_TYPE,AMOUNT,DUE_DATE,STATUS,SR_NO) values (140,'Semester Fee',25000,to_date('15-OCT-24','DD-MON-RR'),'Unpaid',364);
Insert into FEE (FEE_ID,FEE_TYPE,AMOUNT,DUE_DATE,STATUS,SR_NO) values (141,'Semester Fee',25000,to_date('15-OCT-24','DD-MON-RR'),'Unpaid',368);
Insert into FEE (FEE_ID,FEE_TYPE,AMOUNT,DUE_DATE,STATUS,SR_NO) values (142,'Semester Fee',25000,to_date('15-OCT-24','DD-MON-RR'),'Unpaid',371);
Insert into FEE (FEE_ID,FEE_TYPE,AMOUNT,DUE_DATE,STATUS,SR_NO) values (143,'Semester Fee',25000,to_date('15-OCT-24','DD-MON-RR'),'Unpaid',374);
Insert into FEE (FEE_ID,FEE_TYPE,AMOUNT,DUE_DATE,STATUS,SR_NO) values (144,'Semester Fee',25000,to_date('15-OCT-24','DD-MON-RR'),'Unpaid',375);
Insert into FEE (FEE_ID,FEE_TYPE,AMOUNT,DUE_DATE,STATUS,SR_NO) values (145,'Semester Fee',25000,to_date('15-OCT-24','DD-MON-RR'),'Unpaid',378);
Insert into FEE (FEE_ID,FEE_TYPE,AMOUNT,DUE_DATE,STATUS,SR_NO) values (146,'Semester Fee',30000,to_date('15-OCT-24','DD-MON-RR'),'Unpaid',380);
Insert into FEE (FEE_ID,FEE_TYPE,AMOUNT,DUE_DATE,STATUS,SR_NO) values (147,'Semester Fee',25000,to_date('15-OCT-24','DD-MON-RR'),'Unpaid',382);
Insert into FEE (FEE_ID,FEE_TYPE,AMOUNT,DUE_DATE,STATUS,SR_NO) values (148,'Semester Fee',25000,to_date('15-OCT-24','DD-MON-RR'),'Unpaid',384);
Insert into FEE (FEE_ID,FEE_TYPE,AMOUNT,DUE_DATE,STATUS,SR_NO) values (149,'Semester Fee',25000,to_date('15-OCT-24','DD-MON-RR'),'Unpaid',388);
Insert into FEE (FEE_ID,FEE_TYPE,AMOUNT,DUE_DATE,STATUS,SR_NO) values (150,'Semester Fee',25000,to_date('15-OCT-24','DD-MON-RR'),'Unpaid',389);
Insert into FEE (FEE_ID,FEE_TYPE,AMOUNT,DUE_DATE,STATUS,SR_NO) values (151,'Semester Fee',25000,to_date('15-OCT-24','DD-MON-RR'),'Unpaid',395);
Insert into FEE (FEE_ID,FEE_TYPE,AMOUNT,DUE_DATE,STATUS,SR_NO) values (152,'Semester Fee',30000,to_date('15-OCT-24','DD-MON-RR'),'Unpaid',400);
Insert into FEE (FEE_ID,FEE_TYPE,AMOUNT,DUE_DATE,STATUS,SR_NO) values (153,'Semester Fee',25000,to_date('15-OCT-24','DD-MON-RR'),'Unpaid',402);
Insert into FEE (FEE_ID,FEE_TYPE,AMOUNT,DUE_DATE,STATUS,SR_NO) values (154,'Semester Fee',25000,to_date('15-OCT-24','DD-MON-RR'),'Unpaid',414);
Insert into FEE (FEE_ID,FEE_TYPE,AMOUNT,DUE_DATE,STATUS,SR_NO) values (155,'Semester Fee',25000,to_date('15-OCT-24','DD-MON-RR'),'Unpaid',418);
Insert into FEE (FEE_ID,FEE_TYPE,AMOUNT,DUE_DATE,STATUS,SR_NO) values (156,'Semester Fee',25000,to_date('15-OCT-24','DD-MON-RR'),'Unpaid',422);
Insert into FEE (FEE_ID,FEE_TYPE,AMOUNT,DUE_DATE,STATUS,SR_NO) values (157,'Semester Fee',25000,to_date('15-OCT-24','DD-MON-RR'),'Unpaid',425);
Insert into FEE (FEE_ID,FEE_TYPE,AMOUNT,DUE_DATE,STATUS,SR_NO) values (158,'Semester Fee',25000,to_date('15-OCT-24','DD-MON-RR'),'Unpaid',426);
Insert into FEE (FEE_ID,FEE_TYPE,AMOUNT,DUE_DATE,STATUS,SR_NO) values (159,'Semester Fee',30000,to_date('15-OCT-24','DD-MON-RR'),'Unpaid',430);
Insert into FEE (FEE_ID,FEE_TYPE,AMOUNT,DUE_DATE,STATUS,SR_NO) values (160,'Semester Fee',25000,to_date('15-OCT-24','DD-MON-RR'),'Unpaid',432);
Insert into FEE (FEE_ID,FEE_TYPE,AMOUNT,DUE_DATE,STATUS,SR_NO) values (161,'Semester Fee',25000,to_date('15-OCT-24','DD-MON-RR'),'Unpaid',436);
Insert into FEE (FEE_ID,FEE_TYPE,AMOUNT,DUE_DATE,STATUS,SR_NO) values (162,'Semester Fee',25000,to_date('15-OCT-24','DD-MON-RR'),'Unpaid',438);
Insert into FEE (FEE_ID,FEE_TYPE,AMOUNT,DUE_DATE,STATUS,SR_NO) values (163,'Semester Fee',25000,to_date('15-OCT-24','DD-MON-RR'),'Unpaid',439);
Insert into FEE (FEE_ID,FEE_TYPE,AMOUNT,DUE_DATE,STATUS,SR_NO) values (164,'Semester Fee',25000,to_date('15-OCT-24','DD-MON-RR'),'Unpaid',441);
Insert into FEE (FEE_ID,FEE_TYPE,AMOUNT,DUE_DATE,STATUS,SR_NO) values (165,'Semester Fee',25000,to_date('15-OCT-24','DD-MON-RR'),'Unpaid',443);
Insert into FEE (FEE_ID,FEE_TYPE,AMOUNT,DUE_DATE,STATUS,SR_NO) values (166,'Semester Fee',25000,to_date('15-OCT-24','DD-MON-RR'),'Unpaid',447);
Insert into FEE (FEE_ID,FEE_TYPE,AMOUNT,DUE_DATE,STATUS,SR_NO) values (167,'Semester Fee',25000,to_date('15-OCT-24','DD-MON-RR'),'Unpaid',448);
Insert into FEE (FEE_ID,FEE_TYPE,AMOUNT,DUE_DATE,STATUS,SR_NO) values (168,'Semester Fee',30000,to_date('15-OCT-24','DD-MON-RR'),'Unpaid',450);
Insert into FEE (FEE_ID,FEE_TYPE,AMOUNT,DUE_DATE,STATUS,SR_NO) values (169,'Semester Fee',25000,to_date('15-OCT-24','DD-MON-RR'),'Unpaid',451);
Insert into FEE (FEE_ID,FEE_TYPE,AMOUNT,DUE_DATE,STATUS,SR_NO) values (170,'Semester Fee',25000,to_date('15-OCT-24','DD-MON-RR'),'Unpaid',452);
Insert into FEE (FEE_ID,FEE_TYPE,AMOUNT,DUE_DATE,STATUS,SR_NO) values (171,'Semester Fee',25000,to_date('15-OCT-24','DD-MON-RR'),'Unpaid',458);
Insert into FEE (FEE_ID,FEE_TYPE,AMOUNT,DUE_DATE,STATUS,SR_NO) values (172,'Semester Fee',25000,to_date('15-OCT-24','DD-MON-RR'),'Unpaid',461);
Insert into FEE (FEE_ID,FEE_TYPE,AMOUNT,DUE_DATE,STATUS,SR_NO) values (173,'Semester Fee',25000,to_date('15-OCT-24','DD-MON-RR'),'Unpaid',465);
Insert into FEE (FEE_ID,FEE_TYPE,AMOUNT,DUE_DATE,STATUS,SR_NO) values (174,'Semester Fee',25000,to_date('15-OCT-24','DD-MON-RR'),'Unpaid',466);
Insert into FEE (FEE_ID,FEE_TYPE,AMOUNT,DUE_DATE,STATUS,SR_NO) values (175,'Semester Fee',25000,to_date('15-OCT-24','DD-MON-RR'),'Unpaid',467);
Insert into FEE (FEE_ID,FEE_TYPE,AMOUNT,DUE_DATE,STATUS,SR_NO) values (176,'Semester Fee',25000,to_date('15-OCT-24','DD-MON-RR'),'Unpaid',468);
Insert into FEE (FEE_ID,FEE_TYPE,AMOUNT,DUE_DATE,STATUS,SR_NO) values (177,'Semester Fee',25000,to_date('15-OCT-24','DD-MON-RR'),'Unpaid',469);
Insert into FEE (FEE_ID,FEE_TYPE,AMOUNT,DUE_DATE,STATUS,SR_NO) values (178,'Semester Fee',25000,to_date('15-OCT-24','DD-MON-RR'),'Unpaid',473);
Insert into FEE (FEE_ID,FEE_TYPE,AMOUNT,DUE_DATE,STATUS,SR_NO) values (179,'Semester Fee',25000,to_date('15-OCT-24','DD-MON-RR'),'Unpaid',476);
Insert into FEE (FEE_ID,FEE_TYPE,AMOUNT,DUE_DATE,STATUS,SR_NO) values (180,'Semester Fee',25000,to_date('15-OCT-24','DD-MON-RR'),'Unpaid',477);
Insert into FEE (FEE_ID,FEE_TYPE,AMOUNT,DUE_DATE,STATUS,SR_NO) values (181,'Semester Fee',25000,to_date('15-OCT-24','DD-MON-RR'),'Unpaid',478);
Insert into FEE (FEE_ID,FEE_TYPE,AMOUNT,DUE_DATE,STATUS,SR_NO) values (182,'Semester Fee',25000,to_date('15-OCT-24','DD-MON-RR'),'Unpaid',479);
Insert into FEE (FEE_ID,FEE_TYPE,AMOUNT,DUE_DATE,STATUS,SR_NO) values (183,'Semester Fee',25000,to_date('15-OCT-24','DD-MON-RR'),'Unpaid',483);
Insert into FEE (FEE_ID,FEE_TYPE,AMOUNT,DUE_DATE,STATUS,SR_NO) values (184,'Semester Fee',25000,to_date('15-OCT-24','DD-MON-RR'),'Unpaid',485);
Insert into FEE (FEE_ID,FEE_TYPE,AMOUNT,DUE_DATE,STATUS,SR_NO) values (185,'Semester Fee',25000,to_date('15-OCT-24','DD-MON-RR'),'Unpaid',486);
Insert into FEE (FEE_ID,FEE_TYPE,AMOUNT,DUE_DATE,STATUS,SR_NO) values (186,'Semester Fee',25000,to_date('15-OCT-24','DD-MON-RR'),'Unpaid',489);
Insert into FEE (FEE_ID,FEE_TYPE,AMOUNT,DUE_DATE,STATUS,SR_NO) values (187,'Semester Fee',25000,to_date('15-OCT-24','DD-MON-RR'),'Unpaid',491);
Insert into FEE (FEE_ID,FEE_TYPE,AMOUNT,DUE_DATE,STATUS,SR_NO) values (188,'Semester Fee',25000,to_date('15-OCT-24','DD-MON-RR'),'Unpaid',492);
Insert into FEE (FEE_ID,FEE_TYPE,AMOUNT,DUE_DATE,STATUS,SR_NO) values (189,'Semester Fee',25000,to_date('15-OCT-24','DD-MON-RR'),'Unpaid',493);
Insert into FEE (FEE_ID,FEE_TYPE,AMOUNT,DUE_DATE,STATUS,SR_NO) values (190,'Semester Fee',25000,to_date('15-OCT-24','DD-MON-RR'),'Unpaid',499);
Insert into FEE (FEE_ID,FEE_TYPE,AMOUNT,DUE_DATE,STATUS,SR_NO) values (191,'Semester Fee',30000,to_date('15-OCT-24','DD-MON-RR'),'Unpaid',500);
Insert into FEE (FEE_ID,FEE_TYPE,AMOUNT,DUE_DATE,STATUS,SR_NO) values (192,'Semester Fee',25000,to_date('15-OCT-24','DD-MON-RR'),'Unpaid',501);
Insert into FEE (FEE_ID,FEE_TYPE,AMOUNT,DUE_DATE,STATUS,SR_NO) values (193,'Semester Fee',25000,to_date('15-OCT-24','DD-MON-RR'),'Unpaid',505);
Insert into FEE (FEE_ID,FEE_TYPE,AMOUNT,DUE_DATE,STATUS,SR_NO) values (194,'Semester Fee',25000,to_date('15-OCT-24','DD-MON-RR'),'Unpaid',507);
Insert into FEE (FEE_ID,FEE_TYPE,AMOUNT,DUE_DATE,STATUS,SR_NO) values (195,'Semester Fee',25000,to_date('15-OCT-24','DD-MON-RR'),'Unpaid',508);
Insert into FEE (FEE_ID,FEE_TYPE,AMOUNT,DUE_DATE,STATUS,SR_NO) values (196,'Semester Fee',25000,to_date('15-OCT-24','DD-MON-RR'),'Unpaid',511);
Insert into FEE (FEE_ID,FEE_TYPE,AMOUNT,DUE_DATE,STATUS,SR_NO) values (197,'Semester Fee',25000,to_date('15-OCT-24','DD-MON-RR'),'Unpaid',513);
Insert into FEE (FEE_ID,FEE_TYPE,AMOUNT,DUE_DATE,STATUS,SR_NO) values (198,'Semester Fee',25000,to_date('15-OCT-24','DD-MON-RR'),'Unpaid',514);
Insert into FEE (FEE_ID,FEE_TYPE,AMOUNT,DUE_DATE,STATUS,SR_NO) values (199,'Semester Fee',25000,to_date('15-OCT-24','DD-MON-RR'),'Unpaid',517);
Insert into FEE (FEE_ID,FEE_TYPE,AMOUNT,DUE_DATE,STATUS,SR_NO) values (200,'Semester Fee',25000,to_date('15-OCT-24','DD-MON-RR'),'Unpaid',523);
Insert into FEE (FEE_ID,FEE_TYPE,AMOUNT,DUE_DATE,STATUS,SR_NO) values (201,'Semester Fee',25000,to_date('15-OCT-24','DD-MON-RR'),'Unpaid',524);
Insert into FEE (FEE_ID,FEE_TYPE,AMOUNT,DUE_DATE,STATUS,SR_NO) values (202,'Semester Fee',25000,to_date('15-OCT-24','DD-MON-RR'),'Unpaid',525);
Insert into FEE (FEE_ID,FEE_TYPE,AMOUNT,DUE_DATE,STATUS,SR_NO) values (203,'Semester Fee',25000,to_date('15-OCT-24','DD-MON-RR'),'Unpaid',528);
Insert into FEE (FEE_ID,FEE_TYPE,AMOUNT,DUE_DATE,STATUS,SR_NO) values (204,'Semester Fee',25000,to_date('15-OCT-24','DD-MON-RR'),'Unpaid',532);
Insert into FEE (FEE_ID,FEE_TYPE,AMOUNT,DUE_DATE,STATUS,SR_NO) values (205,'Semester Fee',25000,to_date('15-OCT-24','DD-MON-RR'),'Unpaid',536);
Insert into FEE (FEE_ID,FEE_TYPE,AMOUNT,DUE_DATE,STATUS,SR_NO) values (206,'Semester Fee',25000,to_date('15-OCT-24','DD-MON-RR'),'Unpaid',537);
Insert into FEE (FEE_ID,FEE_TYPE,AMOUNT,DUE_DATE,STATUS,SR_NO) values (207,'Semester Fee',25000,to_date('15-OCT-24','DD-MON-RR'),'Unpaid',538);
Insert into FEE (FEE_ID,FEE_TYPE,AMOUNT,DUE_DATE,STATUS,SR_NO) values (208,'Semester Fee',25000,to_date('15-OCT-24','DD-MON-RR'),'Unpaid',544);
Insert into FEE (FEE_ID,FEE_TYPE,AMOUNT,DUE_DATE,STATUS,SR_NO) values (209,'Semester Fee',25000,to_date('15-OCT-24','DD-MON-RR'),'Unpaid',546);
Insert into FEE (FEE_ID,FEE_TYPE,AMOUNT,DUE_DATE,STATUS,SR_NO) values (210,'Semester Fee',25000,to_date('15-OCT-24','DD-MON-RR'),'Unpaid',549);
Insert into FEE (FEE_ID,FEE_TYPE,AMOUNT,DUE_DATE,STATUS,SR_NO) values (211,'Semester Fee',25000,to_date('15-OCT-24','DD-MON-RR'),'Unpaid',551);
Insert into FEE (FEE_ID,FEE_TYPE,AMOUNT,DUE_DATE,STATUS,SR_NO) values (212,'Semester Fee',25000,to_date('15-OCT-24','DD-MON-RR'),'Unpaid',552);
Insert into FEE (FEE_ID,FEE_TYPE,AMOUNT,DUE_DATE,STATUS,SR_NO) values (213,'Semester Fee',25000,to_date('15-OCT-24','DD-MON-RR'),'Unpaid',553);
Insert into FEE (FEE_ID,FEE_TYPE,AMOUNT,DUE_DATE,STATUS,SR_NO) values (214,'Semester Fee',25000,to_date('15-OCT-24','DD-MON-RR'),'Unpaid',557);
Insert into FEE (FEE_ID,FEE_TYPE,AMOUNT,DUE_DATE,STATUS,SR_NO) values (215,'Semester Fee',25000,to_date('15-OCT-24','DD-MON-RR'),'Unpaid',558);
Insert into FEE (FEE_ID,FEE_TYPE,AMOUNT,DUE_DATE,STATUS,SR_NO) values (216,'Semester Fee',25000,to_date('15-OCT-24','DD-MON-RR'),'Unpaid',559);
Insert into FEE (FEE_ID,FEE_TYPE,AMOUNT,DUE_DATE,STATUS,SR_NO) values (217,'Semester Fee',25000,to_date('15-OCT-24','DD-MON-RR'),'Unpaid',561);
Insert into FEE (FEE_ID,FEE_TYPE,AMOUNT,DUE_DATE,STATUS,SR_NO) values (218,'Semester Fee',25000,to_date('15-OCT-24','DD-MON-RR'),'Unpaid',562);
Insert into FEE (FEE_ID,FEE_TYPE,AMOUNT,DUE_DATE,STATUS,SR_NO) values (219,'Semester Fee',25000,to_date('15-OCT-24','DD-MON-RR'),'Unpaid',563);
Insert into FEE (FEE_ID,FEE_TYPE,AMOUNT,DUE_DATE,STATUS,SR_NO) values (220,'Semester Fee',25000,to_date('15-OCT-24','DD-MON-RR'),'Unpaid',564);
Insert into FEE (FEE_ID,FEE_TYPE,AMOUNT,DUE_DATE,STATUS,SR_NO) values (221,'Semester Fee',25000,to_date('15-OCT-24','DD-MON-RR'),'Unpaid',569);
Insert into FEE (FEE_ID,FEE_TYPE,AMOUNT,DUE_DATE,STATUS,SR_NO) values (222,'Semester Fee',30000,to_date('15-OCT-24','DD-MON-RR'),'Unpaid',570);
Insert into FEE (FEE_ID,FEE_TYPE,AMOUNT,DUE_DATE,STATUS,SR_NO) values (223,'Semester Fee',25000,to_date('15-OCT-24','DD-MON-RR'),'Unpaid',571);
Insert into FEE (FEE_ID,FEE_TYPE,AMOUNT,DUE_DATE,STATUS,SR_NO) values (224,'Semester Fee',25000,to_date('15-OCT-24','DD-MON-RR'),'Unpaid',574);
Insert into FEE (FEE_ID,FEE_TYPE,AMOUNT,DUE_DATE,STATUS,SR_NO) values (225,'Semester Fee',25000,to_date('15-OCT-24','DD-MON-RR'),'Unpaid',575);
Insert into FEE (FEE_ID,FEE_TYPE,AMOUNT,DUE_DATE,STATUS,SR_NO) values (226,'Semester Fee',25000,to_date('15-OCT-24','DD-MON-RR'),'Unpaid',576);
Insert into FEE (FEE_ID,FEE_TYPE,AMOUNT,DUE_DATE,STATUS,SR_NO) values (227,'Semester Fee',25000,to_date('15-OCT-24','DD-MON-RR'),'Unpaid',578);
Insert into FEE (FEE_ID,FEE_TYPE,AMOUNT,DUE_DATE,STATUS,SR_NO) values (228,'Semester Fee',25000,to_date('15-OCT-24','DD-MON-RR'),'Unpaid',579);
Insert into FEE (FEE_ID,FEE_TYPE,AMOUNT,DUE_DATE,STATUS,SR_NO) values (229,'Semester Fee',25000,to_date('15-OCT-24','DD-MON-RR'),'Unpaid',583);
Insert into FEE (FEE_ID,FEE_TYPE,AMOUNT,DUE_DATE,STATUS,SR_NO) values (230,'Semester Fee',30000,to_date('15-OCT-24','DD-MON-RR'),'Unpaid',590);
Insert into FEE (FEE_ID,FEE_TYPE,AMOUNT,DUE_DATE,STATUS,SR_NO) values (231,'Semester Fee',25000,to_date('15-OCT-24','DD-MON-RR'),'Unpaid',591);
Insert into FEE (FEE_ID,FEE_TYPE,AMOUNT,DUE_DATE,STATUS,SR_NO) values (232,'Semester Fee',25000,to_date('15-OCT-24','DD-MON-RR'),'Unpaid',592);
REM INSERTING into INTER_MARKS
SET DEFINE OFF;
Insert into INTER_MARKS (OBTAINED_MARKS,SR_NO,TOTAL_MARKS,QUALIFICATION) values (860,23,1100,'Intermediate');
Insert into INTER_MARKS (OBTAINED_MARKS,SR_NO,TOTAL_MARKS,QUALIFICATION) values (919,26,1200,'Intermediate');
Insert into INTER_MARKS (OBTAINED_MARKS,SR_NO,TOTAL_MARKS,QUALIFICATION) values (941,29,1100,'Intermediate');
Insert into INTER_MARKS (OBTAINED_MARKS,SR_NO,TOTAL_MARKS,QUALIFICATION) values (949,32,1200,'Intermediate');
Insert into INTER_MARKS (OBTAINED_MARKS,SR_NO,TOTAL_MARKS,QUALIFICATION) values (965,38,1200,'Intermediate');
Insert into INTER_MARKS (OBTAINED_MARKS,SR_NO,TOTAL_MARKS,QUALIFICATION) values (975,40,1200,'Intermediate');
Insert into INTER_MARKS (OBTAINED_MARKS,SR_NO,TOTAL_MARKS,QUALIFICATION) values (942,45,1200,'Intermediate');
Insert into INTER_MARKS (OBTAINED_MARKS,SR_NO,TOTAL_MARKS,QUALIFICATION) values (950,46,1200,'Intermediate');
Insert into INTER_MARKS (OBTAINED_MARKS,SR_NO,TOTAL_MARKS,QUALIFICATION) values (933,47,1200,'Intermediate');
Insert into INTER_MARKS (OBTAINED_MARKS,SR_NO,TOTAL_MARKS,QUALIFICATION) values (971,49,1100,'Intermediate');
Insert into INTER_MARKS (OBTAINED_MARKS,SR_NO,TOTAL_MARKS,QUALIFICATION) values (908,50,1200,'Intermediate');
Insert into INTER_MARKS (OBTAINED_MARKS,SR_NO,TOTAL_MARKS,QUALIFICATION) values (834,53,1100,'Intermediate');
Insert into INTER_MARKS (OBTAINED_MARKS,SR_NO,TOTAL_MARKS,QUALIFICATION) values (943,56,1100,'Intermediate');
Insert into INTER_MARKS (OBTAINED_MARKS,SR_NO,TOTAL_MARKS,QUALIFICATION) values (992,59,1100,'Intermediate');
Insert into INTER_MARKS (OBTAINED_MARKS,SR_NO,TOTAL_MARKS,QUALIFICATION) values (988,61,1200,'Intermediate');
Insert into INTER_MARKS (OBTAINED_MARKS,SR_NO,TOTAL_MARKS,QUALIFICATION) values (830,68,1100,'Intermediate');
Insert into INTER_MARKS (OBTAINED_MARKS,SR_NO,TOTAL_MARKS,QUALIFICATION) values (1123,71,1200,'Intermediate');
Insert into INTER_MARKS (OBTAINED_MARKS,SR_NO,TOTAL_MARKS,QUALIFICATION) values (962,81,1200,'Intermediate');
Insert into INTER_MARKS (OBTAINED_MARKS,SR_NO,TOTAL_MARKS,QUALIFICATION) values (974,84,1100,'Intermediate');
Insert into INTER_MARKS (OBTAINED_MARKS,SR_NO,TOTAL_MARKS,QUALIFICATION) values (911,86,1200,'Intermediate');
Insert into INTER_MARKS (OBTAINED_MARKS,SR_NO,TOTAL_MARKS,QUALIFICATION) values (900,90,1200,'Intermediate');
Insert into INTER_MARKS (OBTAINED_MARKS,SR_NO,TOTAL_MARKS,QUALIFICATION) values (1018,93,1200,'Intermediate');
Insert into INTER_MARKS (OBTAINED_MARKS,SR_NO,TOTAL_MARKS,QUALIFICATION) values (919,94,1200,'Intermediate');
Insert into INTER_MARKS (OBTAINED_MARKS,SR_NO,TOTAL_MARKS,QUALIFICATION) values (868,96,1100,'Intermediate');
Insert into INTER_MARKS (OBTAINED_MARKS,SR_NO,TOTAL_MARKS,QUALIFICATION) values (981,97,1200,'Intermediate');
Insert into INTER_MARKS (OBTAINED_MARKS,SR_NO,TOTAL_MARKS,QUALIFICATION) values (971,98,1200,'Intermediate');
Insert into INTER_MARKS (OBTAINED_MARKS,SR_NO,TOTAL_MARKS,QUALIFICATION) values (947,99,1200,'Intermediate');
Insert into INTER_MARKS (OBTAINED_MARKS,SR_NO,TOTAL_MARKS,QUALIFICATION) values (847,103,1100,'Intermediate');
Insert into INTER_MARKS (OBTAINED_MARKS,SR_NO,TOTAL_MARKS,QUALIFICATION) values (1035,106,1100,'Intermediate');
Insert into INTER_MARKS (OBTAINED_MARKS,SR_NO,TOTAL_MARKS,QUALIFICATION) values (900,107,1200,'Intermediate');
Insert into INTER_MARKS (OBTAINED_MARKS,SR_NO,TOTAL_MARKS,QUALIFICATION) values (946,109,1200,'Intermediate');
Insert into INTER_MARKS (OBTAINED_MARKS,SR_NO,TOTAL_MARKS,QUALIFICATION) values (999,112,1200,'Intermediate');
Insert into INTER_MARKS (OBTAINED_MARKS,SR_NO,TOTAL_MARKS,QUALIFICATION) values (899,113,1200,'Intermediate');
Insert into INTER_MARKS (OBTAINED_MARKS,SR_NO,TOTAL_MARKS,QUALIFICATION) values (914,114,1200,'Intermediate');
Insert into INTER_MARKS (OBTAINED_MARKS,SR_NO,TOTAL_MARKS,QUALIFICATION) values (985,117,1200,'Intermediate');
Insert into INTER_MARKS (OBTAINED_MARKS,SR_NO,TOTAL_MARKS,QUALIFICATION) values (1059,121,1200,'Intermediate');
Insert into INTER_MARKS (OBTAINED_MARKS,SR_NO,TOTAL_MARKS,QUALIFICATION) values (996,128,1200,'Intermediate');
Insert into INTER_MARKS (OBTAINED_MARKS,SR_NO,TOTAL_MARKS,QUALIFICATION) values (1004,131,1100,'Intermediate');
Insert into INTER_MARKS (OBTAINED_MARKS,SR_NO,TOTAL_MARKS,QUALIFICATION) values (1061,135,1200,'Intermediate');
Insert into INTER_MARKS (OBTAINED_MARKS,SR_NO,TOTAL_MARKS,QUALIFICATION) values (951,138,1200,'Intermediate');
Insert into INTER_MARKS (OBTAINED_MARKS,SR_NO,TOTAL_MARKS,QUALIFICATION) values (968,140,1200,'Intermediate');
Insert into INTER_MARKS (OBTAINED_MARKS,SR_NO,TOTAL_MARKS,QUALIFICATION) values (988,142,1200,'Intermediate');
Insert into INTER_MARKS (OBTAINED_MARKS,SR_NO,TOTAL_MARKS,QUALIFICATION) values (872,143,1100,'Intermediate');
Insert into INTER_MARKS (OBTAINED_MARKS,SR_NO,TOTAL_MARKS,QUALIFICATION) values (949,145,1200,'Intermediate');
Insert into INTER_MARKS (OBTAINED_MARKS,SR_NO,TOTAL_MARKS,QUALIFICATION) values (1090,148,1200,'Intermediate');
Insert into INTER_MARKS (OBTAINED_MARKS,SR_NO,TOTAL_MARKS,QUALIFICATION) values (945,151,1200,'Intermediate');
Insert into INTER_MARKS (OBTAINED_MARKS,SR_NO,TOTAL_MARKS,QUALIFICATION) values (900,152,1200,'Intermediate');
Insert into INTER_MARKS (OBTAINED_MARKS,SR_NO,TOTAL_MARKS,QUALIFICATION) values (929,154,1100,'Intermediate');
Insert into INTER_MARKS (OBTAINED_MARKS,SR_NO,TOTAL_MARKS,QUALIFICATION) values (935,155,1200,'Intermediate');
Insert into INTER_MARKS (OBTAINED_MARKS,SR_NO,TOTAL_MARKS,QUALIFICATION) values (888,156,1100,'Intermediate');
Insert into INTER_MARKS (OBTAINED_MARKS,SR_NO,TOTAL_MARKS,QUALIFICATION) values (860,158,1100,'Intermediate');
Insert into INTER_MARKS (OBTAINED_MARKS,SR_NO,TOTAL_MARKS,QUALIFICATION) values (959,160,1100,'Intermediate');
Insert into INTER_MARKS (OBTAINED_MARKS,SR_NO,TOTAL_MARKS,QUALIFICATION) values (1003,162,1100,'Intermediate');
Insert into INTER_MARKS (OBTAINED_MARKS,SR_NO,TOTAL_MARKS,QUALIFICATION) values (915,169,1100,'Intermediate');
Insert into INTER_MARKS (OBTAINED_MARKS,SR_NO,TOTAL_MARKS,QUALIFICATION) values (938,172,1200,'Intermediate');
Insert into INTER_MARKS (OBTAINED_MARKS,SR_NO,TOTAL_MARKS,QUALIFICATION) values (961,176,1200,'Intermediate');
Insert into INTER_MARKS (OBTAINED_MARKS,SR_NO,TOTAL_MARKS,QUALIFICATION) values (934,177,1200,'Intermediate');
Insert into INTER_MARKS (OBTAINED_MARKS,SR_NO,TOTAL_MARKS,QUALIFICATION) values (921,178,1200,'Intermediate');
Insert into INTER_MARKS (OBTAINED_MARKS,SR_NO,TOTAL_MARKS,QUALIFICATION) values (977,180,1200,'Intermediate');
Insert into INTER_MARKS (OBTAINED_MARKS,SR_NO,TOTAL_MARKS,QUALIFICATION) values (912,183,1200,'Intermediate');
Insert into INTER_MARKS (OBTAINED_MARKS,SR_NO,TOTAL_MARKS,QUALIFICATION) values (989,185,1200,'Intermediate');
Insert into INTER_MARKS (OBTAINED_MARKS,SR_NO,TOTAL_MARKS,QUALIFICATION) values (930,187,1200,'Intermediate');
Insert into INTER_MARKS (OBTAINED_MARKS,SR_NO,TOTAL_MARKS,QUALIFICATION) values (899,188,1200,'Intermediate');
Insert into INTER_MARKS (OBTAINED_MARKS,SR_NO,TOTAL_MARKS,QUALIFICATION) values (907,190,1100,'Intermediate');
Insert into INTER_MARKS (OBTAINED_MARKS,SR_NO,TOTAL_MARKS,QUALIFICATION) values (887,192,1100,'Intermediate');
Insert into INTER_MARKS (OBTAINED_MARKS,SR_NO,TOTAL_MARKS,QUALIFICATION) values (968,193,1200,'Intermediate');
Insert into INTER_MARKS (OBTAINED_MARKS,SR_NO,TOTAL_MARKS,QUALIFICATION) values (1053,195,1100,'Intermediate');
Insert into INTER_MARKS (OBTAINED_MARKS,SR_NO,TOTAL_MARKS,QUALIFICATION) values (967,197,1100,'Intermediate');
Insert into INTER_MARKS (OBTAINED_MARKS,SR_NO,TOTAL_MARKS,QUALIFICATION) values (940,199,1100,'Intermediate');
Insert into INTER_MARKS (OBTAINED_MARKS,SR_NO,TOTAL_MARKS,QUALIFICATION) values (902,201,1100,'Intermediate');
Insert into INTER_MARKS (OBTAINED_MARKS,SR_NO,TOTAL_MARKS,QUALIFICATION) values (936,202,1200,'Intermediate');
Insert into INTER_MARKS (OBTAINED_MARKS,SR_NO,TOTAL_MARKS,QUALIFICATION) values (995,203,1200,'Intermediate');
Insert into INTER_MARKS (OBTAINED_MARKS,SR_NO,TOTAL_MARKS,QUALIFICATION) values (901,204,1200,'Intermediate');
Insert into INTER_MARKS (OBTAINED_MARKS,SR_NO,TOTAL_MARKS,QUALIFICATION) values (973,205,1100,'Intermediate');
Insert into INTER_MARKS (OBTAINED_MARKS,SR_NO,TOTAL_MARKS,QUALIFICATION) values (907,206,1200,'Intermediate');
Insert into INTER_MARKS (OBTAINED_MARKS,SR_NO,TOTAL_MARKS,QUALIFICATION) values (1018,207,1200,'Intermediate');
Insert into INTER_MARKS (OBTAINED_MARKS,SR_NO,TOTAL_MARKS,QUALIFICATION) values (877,208,1100,'Intermediate');
Insert into INTER_MARKS (OBTAINED_MARKS,SR_NO,TOTAL_MARKS,QUALIFICATION) values (952,210,1200,'Intermediate');
Insert into INTER_MARKS (OBTAINED_MARKS,SR_NO,TOTAL_MARKS,QUALIFICATION) values (951,218,1200,'Intermediate');
Insert into INTER_MARKS (OBTAINED_MARKS,SR_NO,TOTAL_MARKS,QUALIFICATION) values (920,223,1200,'Intermediate');
Insert into INTER_MARKS (OBTAINED_MARKS,SR_NO,TOTAL_MARKS,QUALIFICATION) values (964,227,1200,'Intermediate');
Insert into INTER_MARKS (OBTAINED_MARKS,SR_NO,TOTAL_MARKS,QUALIFICATION) values (907,229,1200,'Intermediate');
Insert into INTER_MARKS (OBTAINED_MARKS,SR_NO,TOTAL_MARKS,QUALIFICATION) values (908,230,1200,'Intermediate');
Insert into INTER_MARKS (OBTAINED_MARKS,SR_NO,TOTAL_MARKS,QUALIFICATION) values (844,231,1100,'Intermediate');
Insert into INTER_MARKS (OBTAINED_MARKS,SR_NO,TOTAL_MARKS,QUALIFICATION) values (914,234,1200,'Intermediate');
Insert into INTER_MARKS (OBTAINED_MARKS,SR_NO,TOTAL_MARKS,QUALIFICATION) values (930,235,1200,'Intermediate');
Insert into INTER_MARKS (OBTAINED_MARKS,SR_NO,TOTAL_MARKS,QUALIFICATION) values (828,237,1100,'Intermediate');
Insert into INTER_MARKS (OBTAINED_MARKS,SR_NO,TOTAL_MARKS,QUALIFICATION) values (911,241,1200,'Intermediate');
Insert into INTER_MARKS (OBTAINED_MARKS,SR_NO,TOTAL_MARKS,QUALIFICATION) values (1026,244,1200,'Intermediate');
Insert into INTER_MARKS (OBTAINED_MARKS,SR_NO,TOTAL_MARKS,QUALIFICATION) values (915,247,1100,'Intermediate');
Insert into INTER_MARKS (OBTAINED_MARKS,SR_NO,TOTAL_MARKS,QUALIFICATION) values (933,249,1200,'Intermediate');
Insert into INTER_MARKS (OBTAINED_MARKS,SR_NO,TOTAL_MARKS,QUALIFICATION) values (918,250,1100,'Intermediate');
Insert into INTER_MARKS (OBTAINED_MARKS,SR_NO,TOTAL_MARKS,QUALIFICATION) values (900,251,1200,'Intermediate');
Insert into INTER_MARKS (OBTAINED_MARKS,SR_NO,TOTAL_MARKS,QUALIFICATION) values (876,253,1100,'Intermediate');
Insert into INTER_MARKS (OBTAINED_MARKS,SR_NO,TOTAL_MARKS,QUALIFICATION) values (894,257,1100,'Intermediate');
Insert into INTER_MARKS (OBTAINED_MARKS,SR_NO,TOTAL_MARKS,QUALIFICATION) values (988,258,1100,'Intermediate');
Insert into INTER_MARKS (OBTAINED_MARKS,SR_NO,TOTAL_MARKS,QUALIFICATION) values (1083,261,1200,'Intermediate');
Insert into INTER_MARKS (OBTAINED_MARKS,SR_NO,TOTAL_MARKS,QUALIFICATION) values (898,262,1100,'Intermediate');
Insert into INTER_MARKS (OBTAINED_MARKS,SR_NO,TOTAL_MARKS,QUALIFICATION) values (845,264,1100,'Intermediate');
Insert into INTER_MARKS (OBTAINED_MARKS,SR_NO,TOTAL_MARKS,QUALIFICATION) values (904,265,1200,'Intermediate');
Insert into INTER_MARKS (OBTAINED_MARKS,SR_NO,TOTAL_MARKS,QUALIFICATION) values (946,266,1200,'Intermediate');
Insert into INTER_MARKS (OBTAINED_MARKS,SR_NO,TOTAL_MARKS,QUALIFICATION) values (1013,267,1200,'Intermediate');
Insert into INTER_MARKS (OBTAINED_MARKS,SR_NO,TOTAL_MARKS,QUALIFICATION) values (1000,273,1200,'Intermediate');
Insert into INTER_MARKS (OBTAINED_MARKS,SR_NO,TOTAL_MARKS,QUALIFICATION) values (982,277,1200,'Intermediate');
Insert into INTER_MARKS (OBTAINED_MARKS,SR_NO,TOTAL_MARKS,QUALIFICATION) values (1051,288,1200,'Intermediate');
Insert into INTER_MARKS (OBTAINED_MARKS,SR_NO,TOTAL_MARKS,QUALIFICATION) values (917,290,1100,'Intermediate');
Insert into INTER_MARKS (OBTAINED_MARKS,SR_NO,TOTAL_MARKS,QUALIFICATION) values (919,297,1200,'Intermediate');
Insert into INTER_MARKS (OBTAINED_MARKS,SR_NO,TOTAL_MARKS,QUALIFICATION) values (1014,300,1200,'Intermediate');
Insert into INTER_MARKS (OBTAINED_MARKS,SR_NO,TOTAL_MARKS,QUALIFICATION) values (892,301,1100,'Intermediate');
Insert into INTER_MARKS (OBTAINED_MARKS,SR_NO,TOTAL_MARKS,QUALIFICATION) values (963,302,1200,'Intermediate');
Insert into INTER_MARKS (OBTAINED_MARKS,SR_NO,TOTAL_MARKS,QUALIFICATION) values (852,305,1100,'Intermediate');
Insert into INTER_MARKS (OBTAINED_MARKS,SR_NO,TOTAL_MARKS,QUALIFICATION) values (942,308,1100,'Intermediate');
Insert into INTER_MARKS (OBTAINED_MARKS,SR_NO,TOTAL_MARKS,QUALIFICATION) values (835,311,1100,'Intermediate');
Insert into INTER_MARKS (OBTAINED_MARKS,SR_NO,TOTAL_MARKS,QUALIFICATION) values (905,319,1200,'Intermediate');
Insert into INTER_MARKS (OBTAINED_MARKS,SR_NO,TOTAL_MARKS,QUALIFICATION) values (845,320,1100,'Intermediate');
Insert into INTER_MARKS (OBTAINED_MARKS,SR_NO,TOTAL_MARKS,QUALIFICATION) values (993,321,1200,'Intermediate');
Insert into INTER_MARKS (OBTAINED_MARKS,SR_NO,TOTAL_MARKS,QUALIFICATION) values (925,323,1100,'Intermediate');
Insert into INTER_MARKS (OBTAINED_MARKS,SR_NO,TOTAL_MARKS,QUALIFICATION) values (886,324,1100,'Intermediate');
Insert into INTER_MARKS (OBTAINED_MARKS,SR_NO,TOTAL_MARKS,QUALIFICATION) values (954,326,1200,'Intermediate');
Insert into INTER_MARKS (OBTAINED_MARKS,SR_NO,TOTAL_MARKS,QUALIFICATION) values (921,328,1200,'Intermediate');
Insert into INTER_MARKS (OBTAINED_MARKS,SR_NO,TOTAL_MARKS,QUALIFICATION) values (939,333,1200,'Intermediate');
Insert into INTER_MARKS (OBTAINED_MARKS,SR_NO,TOTAL_MARKS,QUALIFICATION) values (862,335,1100,'Intermediate');
Insert into INTER_MARKS (OBTAINED_MARKS,SR_NO,TOTAL_MARKS,QUALIFICATION) values (1029,340,1100,'Intermediate');
Insert into INTER_MARKS (OBTAINED_MARKS,SR_NO,TOTAL_MARKS,QUALIFICATION) values (906,341,1100,'Intermediate');
Insert into INTER_MARKS (OBTAINED_MARKS,SR_NO,TOTAL_MARKS,QUALIFICATION) values (1040,343,1100,'Intermediate');
Insert into INTER_MARKS (OBTAINED_MARKS,SR_NO,TOTAL_MARKS,QUALIFICATION) values (930,346,1200,'Intermediate');
Insert into INTER_MARKS (OBTAINED_MARKS,SR_NO,TOTAL_MARKS,QUALIFICATION) values (893,347,1100,'Intermediate');
Insert into INTER_MARKS (OBTAINED_MARKS,SR_NO,TOTAL_MARKS,QUALIFICATION) values (1017,348,1100,'Intermediate');
Insert into INTER_MARKS (OBTAINED_MARKS,SR_NO,TOTAL_MARKS,QUALIFICATION) values (985,349,1200,'Intermediate');
Insert into INTER_MARKS (OBTAINED_MARKS,SR_NO,TOTAL_MARKS,QUALIFICATION) values (944,350,1200,'Intermediate');
Insert into INTER_MARKS (OBTAINED_MARKS,SR_NO,TOTAL_MARKS,QUALIFICATION) values (993,353,1100,'Intermediate');
Insert into INTER_MARKS (OBTAINED_MARKS,SR_NO,TOTAL_MARKS,QUALIFICATION) values (901,354,1200,'Intermediate');
Insert into INTER_MARKS (OBTAINED_MARKS,SR_NO,TOTAL_MARKS,QUALIFICATION) values (1006,355,1200,'Intermediate');
Insert into INTER_MARKS (OBTAINED_MARKS,SR_NO,TOTAL_MARKS,QUALIFICATION) values (880,356,1100,'Intermediate');
Insert into INTER_MARKS (OBTAINED_MARKS,SR_NO,TOTAL_MARKS,QUALIFICATION) values (875,357,1100,'Intermediate');
Insert into INTER_MARKS (OBTAINED_MARKS,SR_NO,TOTAL_MARKS,QUALIFICATION) values (980,359,1200,'Intermediate');
Insert into INTER_MARKS (OBTAINED_MARKS,SR_NO,TOTAL_MARKS,QUALIFICATION) values (986,360,1200,'Intermediate');
Insert into INTER_MARKS (OBTAINED_MARKS,SR_NO,TOTAL_MARKS,QUALIFICATION) values (957,362,1200,'Intermediate');
Insert into INTER_MARKS (OBTAINED_MARKS,SR_NO,TOTAL_MARKS,QUALIFICATION) values (980,363,1200,'Intermediate');
Insert into INTER_MARKS (OBTAINED_MARKS,SR_NO,TOTAL_MARKS,QUALIFICATION) values (980,364,1200,'Intermediate');
Insert into INTER_MARKS (OBTAINED_MARKS,SR_NO,TOTAL_MARKS,QUALIFICATION) values (855,368,1100,'Intermediate');
Insert into INTER_MARKS (OBTAINED_MARKS,SR_NO,TOTAL_MARKS,QUALIFICATION) values (922,371,1200,'Intermediate');
Insert into INTER_MARKS (OBTAINED_MARKS,SR_NO,TOTAL_MARKS,QUALIFICATION) values (1008,374,1200,'Intermediate');
Insert into INTER_MARKS (OBTAINED_MARKS,SR_NO,TOTAL_MARKS,QUALIFICATION) values (918,375,1100,'Intermediate');
Insert into INTER_MARKS (OBTAINED_MARKS,SR_NO,TOTAL_MARKS,QUALIFICATION) values (829,378,1100,'Intermediate');
Insert into INTER_MARKS (OBTAINED_MARKS,SR_NO,TOTAL_MARKS,QUALIFICATION) values (836,380,1100,'Intermediate');
Insert into INTER_MARKS (OBTAINED_MARKS,SR_NO,TOTAL_MARKS,QUALIFICATION) values (929,382,1200,'Intermediate');
Insert into INTER_MARKS (OBTAINED_MARKS,SR_NO,TOTAL_MARKS,QUALIFICATION) values (920,384,1200,'Intermediate');
Insert into INTER_MARKS (OBTAINED_MARKS,SR_NO,TOTAL_MARKS,QUALIFICATION) values (861,388,1100,'Intermediate');
Insert into INTER_MARKS (OBTAINED_MARKS,SR_NO,TOTAL_MARKS,QUALIFICATION) values (1008,389,1200,'Intermediate');
Insert into INTER_MARKS (OBTAINED_MARKS,SR_NO,TOTAL_MARKS,QUALIFICATION) values (899,395,1200,'Intermediate');
Insert into INTER_MARKS (OBTAINED_MARKS,SR_NO,TOTAL_MARKS,QUALIFICATION) values (1008,400,1200,'Intermediate');
Insert into INTER_MARKS (OBTAINED_MARKS,SR_NO,TOTAL_MARKS,QUALIFICATION) values (931,402,1100,'Intermediate');
Insert into INTER_MARKS (OBTAINED_MARKS,SR_NO,TOTAL_MARKS,QUALIFICATION) values (902,414,1200,'Intermediate');
Insert into INTER_MARKS (OBTAINED_MARKS,SR_NO,TOTAL_MARKS,QUALIFICATION) values (886,418,1100,'Intermediate');
Insert into INTER_MARKS (OBTAINED_MARKS,SR_NO,TOTAL_MARKS,QUALIFICATION) values (952,422,1100,'Intermediate');
Insert into INTER_MARKS (OBTAINED_MARKS,SR_NO,TOTAL_MARKS,QUALIFICATION) values (938,425,1200,'Intermediate');
Insert into INTER_MARKS (OBTAINED_MARKS,SR_NO,TOTAL_MARKS,QUALIFICATION) values (836,426,1100,'Intermediate');
Insert into INTER_MARKS (OBTAINED_MARKS,SR_NO,TOTAL_MARKS,QUALIFICATION) values (925,430,1200,'Intermediate');
Insert into INTER_MARKS (OBTAINED_MARKS,SR_NO,TOTAL_MARKS,QUALIFICATION) values (854,432,1100,'Intermediate');
Insert into INTER_MARKS (OBTAINED_MARKS,SR_NO,TOTAL_MARKS,QUALIFICATION) values (978,436,1100,'Intermediate');
Insert into INTER_MARKS (OBTAINED_MARKS,SR_NO,TOTAL_MARKS,QUALIFICATION) values (983,438,1200,'Intermediate');
Insert into INTER_MARKS (OBTAINED_MARKS,SR_NO,TOTAL_MARKS,QUALIFICATION) values (946,439,1200,'Intermediate');
Insert into INTER_MARKS (OBTAINED_MARKS,SR_NO,TOTAL_MARKS,QUALIFICATION) values (913,441,1200,'Intermediate');
Insert into INTER_MARKS (OBTAINED_MARKS,SR_NO,TOTAL_MARKS,QUALIFICATION) values (932,443,1200,'Intermediate');
Insert into INTER_MARKS (OBTAINED_MARKS,SR_NO,TOTAL_MARKS,QUALIFICATION) values (922,447,1200,'Intermediate');
Insert into INTER_MARKS (OBTAINED_MARKS,SR_NO,TOTAL_MARKS,QUALIFICATION) values (955,448,1100,'Intermediate');
Insert into INTER_MARKS (OBTAINED_MARKS,SR_NO,TOTAL_MARKS,QUALIFICATION) values (990,450,1200,'Intermediate');
Insert into INTER_MARKS (OBTAINED_MARKS,SR_NO,TOTAL_MARKS,QUALIFICATION) values (960,451,1200,'Intermediate');
Insert into INTER_MARKS (OBTAINED_MARKS,SR_NO,TOTAL_MARKS,QUALIFICATION) values (920,452,1200,'Intermediate');
Insert into INTER_MARKS (OBTAINED_MARKS,SR_NO,TOTAL_MARKS,QUALIFICATION) values (961,458,1200,'Intermediate');
Insert into INTER_MARKS (OBTAINED_MARKS,SR_NO,TOTAL_MARKS,QUALIFICATION) values (915,461,1200,'Intermediate');
Insert into INTER_MARKS (OBTAINED_MARKS,SR_NO,TOTAL_MARKS,QUALIFICATION) values (969,465,1200,'Intermediate');
Insert into INTER_MARKS (OBTAINED_MARKS,SR_NO,TOTAL_MARKS,QUALIFICATION) values (914,466,1200,'Intermediate');
Insert into INTER_MARKS (OBTAINED_MARKS,SR_NO,TOTAL_MARKS,QUALIFICATION) values (946,467,1200,'Intermediate');
Insert into INTER_MARKS (OBTAINED_MARKS,SR_NO,TOTAL_MARKS,QUALIFICATION) values (919,468,1200,'Intermediate');
Insert into INTER_MARKS (OBTAINED_MARKS,SR_NO,TOTAL_MARKS,QUALIFICATION) values (996,469,1200,'Intermediate');
Insert into INTER_MARKS (OBTAINED_MARKS,SR_NO,TOTAL_MARKS,QUALIFICATION) values (947,473,1200,'Intermediate');
Insert into INTER_MARKS (OBTAINED_MARKS,SR_NO,TOTAL_MARKS,QUALIFICATION) values (961,476,1200,'Intermediate');
Insert into INTER_MARKS (OBTAINED_MARKS,SR_NO,TOTAL_MARKS,QUALIFICATION) values (926,477,1200,'Intermediate');
Insert into INTER_MARKS (OBTAINED_MARKS,SR_NO,TOTAL_MARKS,QUALIFICATION) values (835,478,1100,'Intermediate');
Insert into INTER_MARKS (OBTAINED_MARKS,SR_NO,TOTAL_MARKS,QUALIFICATION) values (934,479,1200,'Intermediate');
Insert into INTER_MARKS (OBTAINED_MARKS,SR_NO,TOTAL_MARKS,QUALIFICATION) values (906,483,1100,'Intermediate');
Insert into INTER_MARKS (OBTAINED_MARKS,SR_NO,TOTAL_MARKS,QUALIFICATION) values (903,485,1200,'Intermediate');
Insert into INTER_MARKS (OBTAINED_MARKS,SR_NO,TOTAL_MARKS,QUALIFICATION) values (1005,486,1200,'Intermediate');
Insert into INTER_MARKS (OBTAINED_MARKS,SR_NO,TOTAL_MARKS,QUALIFICATION) values (988,489,1200,'Intermediate');
Insert into INTER_MARKS (OBTAINED_MARKS,SR_NO,TOTAL_MARKS,QUALIFICATION) values (989,491,1200,'Intermediate');
Insert into INTER_MARKS (OBTAINED_MARKS,SR_NO,TOTAL_MARKS,QUALIFICATION) values (1003,492,1200,'Intermediate');
Insert into INTER_MARKS (OBTAINED_MARKS,SR_NO,TOTAL_MARKS,QUALIFICATION) values (913,493,1200,'Intermediate');
Insert into INTER_MARKS (OBTAINED_MARKS,SR_NO,TOTAL_MARKS,QUALIFICATION) values (958,499,1100,'Intermediate');
Insert into INTER_MARKS (OBTAINED_MARKS,SR_NO,TOTAL_MARKS,QUALIFICATION) values (902,500,1100,'Intermediate');
Insert into INTER_MARKS (OBTAINED_MARKS,SR_NO,TOTAL_MARKS,QUALIFICATION) values (904,501,1200,'Intermediate');
Insert into INTER_MARKS (OBTAINED_MARKS,SR_NO,TOTAL_MARKS,QUALIFICATION) values (931,505,1200,'Intermediate');
Insert into INTER_MARKS (OBTAINED_MARKS,SR_NO,TOTAL_MARKS,QUALIFICATION) values (938,507,1200,'Intermediate');
Insert into INTER_MARKS (OBTAINED_MARKS,SR_NO,TOTAL_MARKS,QUALIFICATION) values (884,508,1100,'Intermediate');
Insert into INTER_MARKS (OBTAINED_MARKS,SR_NO,TOTAL_MARKS,QUALIFICATION) values (914,511,1200,'Intermediate');
Insert into INTER_MARKS (OBTAINED_MARKS,SR_NO,TOTAL_MARKS,QUALIFICATION) values (934,513,1200,'Intermediate');
Insert into INTER_MARKS (OBTAINED_MARKS,SR_NO,TOTAL_MARKS,QUALIFICATION) values (992,514,1200,'Intermediate');
Insert into INTER_MARKS (OBTAINED_MARKS,SR_NO,TOTAL_MARKS,QUALIFICATION) values (953,517,1200,'Intermediate');
Insert into INTER_MARKS (OBTAINED_MARKS,SR_NO,TOTAL_MARKS,QUALIFICATION) values (940,523,1200,'Intermediate');
Insert into INTER_MARKS (OBTAINED_MARKS,SR_NO,TOTAL_MARKS,QUALIFICATION) values (936,524,1100,'Intermediate');
Insert into INTER_MARKS (OBTAINED_MARKS,SR_NO,TOTAL_MARKS,QUALIFICATION) values (904,525,1200,'Intermediate');
Insert into INTER_MARKS (OBTAINED_MARKS,SR_NO,TOTAL_MARKS,QUALIFICATION) values (1006,528,1200,'Intermediate');
Insert into INTER_MARKS (OBTAINED_MARKS,SR_NO,TOTAL_MARKS,QUALIFICATION) values (947,532,1200,'Intermediate');
Insert into INTER_MARKS (OBTAINED_MARKS,SR_NO,TOTAL_MARKS,QUALIFICATION) values (1003,536,1200,'Intermediate');
Insert into INTER_MARKS (OBTAINED_MARKS,SR_NO,TOTAL_MARKS,QUALIFICATION) values (1012,537,1200,'Intermediate');
Insert into INTER_MARKS (OBTAINED_MARKS,SR_NO,TOTAL_MARKS,QUALIFICATION) values (910,538,1200,'Intermediate');
Insert into INTER_MARKS (OBTAINED_MARKS,SR_NO,TOTAL_MARKS,QUALIFICATION) values (939,544,1200,'Intermediate');
Insert into INTER_MARKS (OBTAINED_MARKS,SR_NO,TOTAL_MARKS,QUALIFICATION) values (923,546,1200,'Intermediate');
Insert into INTER_MARKS (OBTAINED_MARKS,SR_NO,TOTAL_MARKS,QUALIFICATION) values (956,549,1200,'Intermediate');
Insert into INTER_MARKS (OBTAINED_MARKS,SR_NO,TOTAL_MARKS,QUALIFICATION) values (837,551,1100,'Intermediate');
Insert into INTER_MARKS (OBTAINED_MARKS,SR_NO,TOTAL_MARKS,QUALIFICATION) values (976,552,1200,'Intermediate');
Insert into INTER_MARKS (OBTAINED_MARKS,SR_NO,TOTAL_MARKS,QUALIFICATION) values (875,553,1100,'Intermediate');
Insert into INTER_MARKS (OBTAINED_MARKS,SR_NO,TOTAL_MARKS,QUALIFICATION) values (1007,557,1200,'Intermediate');
Insert into INTER_MARKS (OBTAINED_MARKS,SR_NO,TOTAL_MARKS,QUALIFICATION) values (920,558,1100,'Intermediate');
Insert into INTER_MARKS (OBTAINED_MARKS,SR_NO,TOTAL_MARKS,QUALIFICATION) values (1024,559,1200,'Intermediate');
Insert into INTER_MARKS (OBTAINED_MARKS,SR_NO,TOTAL_MARKS,QUALIFICATION) values (931,561,1200,'Intermediate');
Insert into INTER_MARKS (OBTAINED_MARKS,SR_NO,TOTAL_MARKS,QUALIFICATION) values (1033,562,1200,'Intermediate');
Insert into INTER_MARKS (OBTAINED_MARKS,SR_NO,TOTAL_MARKS,QUALIFICATION) values (977,563,1200,'Intermediate');
Insert into INTER_MARKS (OBTAINED_MARKS,SR_NO,TOTAL_MARKS,QUALIFICATION) values (832,564,1100,'Intermediate');
Insert into INTER_MARKS (OBTAINED_MARKS,SR_NO,TOTAL_MARKS,QUALIFICATION) values (913,569,1200,'Intermediate');
Insert into INTER_MARKS (OBTAINED_MARKS,SR_NO,TOTAL_MARKS,QUALIFICATION) values (1003,570,1200,'Intermediate');
Insert into INTER_MARKS (OBTAINED_MARKS,SR_NO,TOTAL_MARKS,QUALIFICATION) values (1019,571,1200,'Intermediate');
Insert into INTER_MARKS (OBTAINED_MARKS,SR_NO,TOTAL_MARKS,QUALIFICATION) values (953,574,1200,'Intermediate');
Insert into INTER_MARKS (OBTAINED_MARKS,SR_NO,TOTAL_MARKS,QUALIFICATION) values (962,575,1200,'Intermediate');
Insert into INTER_MARKS (OBTAINED_MARKS,SR_NO,TOTAL_MARKS,QUALIFICATION) values (870,576,1100,'Intermediate');
Insert into INTER_MARKS (OBTAINED_MARKS,SR_NO,TOTAL_MARKS,QUALIFICATION) values (856,578,1100,'Intermediate');
Insert into INTER_MARKS (OBTAINED_MARKS,SR_NO,TOTAL_MARKS,QUALIFICATION) values (955,579,1200,'Intermediate');
Insert into INTER_MARKS (OBTAINED_MARKS,SR_NO,TOTAL_MARKS,QUALIFICATION) values (990,583,1200,'Intermediate');
Insert into INTER_MARKS (OBTAINED_MARKS,SR_NO,TOTAL_MARKS,QUALIFICATION) values (1036,590,1200,'Intermediate');
Insert into INTER_MARKS (OBTAINED_MARKS,SR_NO,TOTAL_MARKS,QUALIFICATION) values (844,591,1100,'Intermediate');
Insert into INTER_MARKS (OBTAINED_MARKS,SR_NO,TOTAL_MARKS,QUALIFICATION) values (1019,592,1200,'Intermediate');
REM INSERTING into PAYMENT
SET DEFINE OFF;
Insert into PAYMENT (PAYMENT_ID,FEE_ID,PAYMENT_DATE,AMOUNT_PAID,METHOD) values (1,2,to_date('11-OCT-24','DD-MON-RR'),25000,'JazzCash');
Insert into PAYMENT (PAYMENT_ID,FEE_ID,PAYMENT_DATE,AMOUNT_PAID,METHOD) values (2,4,to_date('07-OCT-24','DD-MON-RR'),25000,'Cash');
Insert into PAYMENT (PAYMENT_ID,FEE_ID,PAYMENT_DATE,AMOUNT_PAID,METHOD) values (3,6,to_date('10-OCT-24','DD-MON-RR'),30000,'JazzCash');
Insert into PAYMENT (PAYMENT_ID,FEE_ID,PAYMENT_DATE,AMOUNT_PAID,METHOD) values (4,8,to_date('14-OCT-24','DD-MON-RR'),25000,'Cash');
Insert into PAYMENT (PAYMENT_ID,FEE_ID,PAYMENT_DATE,AMOUNT_PAID,METHOD) values (5,10,to_date('09-OCT-24','DD-MON-RR'),25000,'JazzCash');
Insert into PAYMENT (PAYMENT_ID,FEE_ID,PAYMENT_DATE,AMOUNT_PAID,METHOD) values (6,12,to_date('08-OCT-24','DD-MON-RR'),25000,'Cash');
Insert into PAYMENT (PAYMENT_ID,FEE_ID,PAYMENT_DATE,AMOUNT_PAID,METHOD) values (7,14,to_date('11-OCT-24','DD-MON-RR'),25000,'JazzCash');
Insert into PAYMENT (PAYMENT_ID,FEE_ID,PAYMENT_DATE,AMOUNT_PAID,METHOD) values (8,16,to_date('12-OCT-24','DD-MON-RR'),25000,'Cash');
Insert into PAYMENT (PAYMENT_ID,FEE_ID,PAYMENT_DATE,AMOUNT_PAID,METHOD) values (9,18,to_date('06-OCT-24','DD-MON-RR'),25000,'JazzCash');
Insert into PAYMENT (PAYMENT_ID,FEE_ID,PAYMENT_DATE,AMOUNT_PAID,METHOD) values (10,20,to_date('08-OCT-24','DD-MON-RR'),25000,'Cash');
Insert into PAYMENT (PAYMENT_ID,FEE_ID,PAYMENT_DATE,AMOUNT_PAID,METHOD) values (11,22,to_date('09-OCT-24','DD-MON-RR'),25000,'JazzCash');
Insert into PAYMENT (PAYMENT_ID,FEE_ID,PAYMENT_DATE,AMOUNT_PAID,METHOD) values (12,24,to_date('13-OCT-24','DD-MON-RR'),25000,'Cash');
Insert into PAYMENT (PAYMENT_ID,FEE_ID,PAYMENT_DATE,AMOUNT_PAID,METHOD) values (13,26,to_date('13-OCT-24','DD-MON-RR'),25000,'JazzCash');
Insert into PAYMENT (PAYMENT_ID,FEE_ID,PAYMENT_DATE,AMOUNT_PAID,METHOD) values (14,28,to_date('06-OCT-24','DD-MON-RR'),25000,'Cash');
Insert into PAYMENT (PAYMENT_ID,FEE_ID,PAYMENT_DATE,AMOUNT_PAID,METHOD) values (15,30,to_date('14-OCT-24','DD-MON-RR'),25000,'JazzCash');
Insert into PAYMENT (PAYMENT_ID,FEE_ID,PAYMENT_DATE,AMOUNT_PAID,METHOD) values (16,32,to_date('10-OCT-24','DD-MON-RR'),25000,'Cash');
Insert into PAYMENT (PAYMENT_ID,FEE_ID,PAYMENT_DATE,AMOUNT_PAID,METHOD) values (17,34,to_date('07-OCT-24','DD-MON-RR'),25000,'JazzCash');
Insert into PAYMENT (PAYMENT_ID,FEE_ID,PAYMENT_DATE,AMOUNT_PAID,METHOD) values (18,36,to_date('08-OCT-24','DD-MON-RR'),25000,'Cash');
Insert into PAYMENT (PAYMENT_ID,FEE_ID,PAYMENT_DATE,AMOUNT_PAID,METHOD) values (19,38,to_date('11-OCT-24','DD-MON-RR'),25000,'JazzCash');
Insert into PAYMENT (PAYMENT_ID,FEE_ID,PAYMENT_DATE,AMOUNT_PAID,METHOD) values (20,40,to_date('09-OCT-24','DD-MON-RR'),25000,'Cash');
Insert into PAYMENT (PAYMENT_ID,FEE_ID,PAYMENT_DATE,AMOUNT_PAID,METHOD) values (21,42,to_date('06-OCT-24','DD-MON-RR'),25000,'JazzCash');
Insert into PAYMENT (PAYMENT_ID,FEE_ID,PAYMENT_DATE,AMOUNT_PAID,METHOD) values (22,44,to_date('08-OCT-24','DD-MON-RR'),25000,'Cash');
Insert into PAYMENT (PAYMENT_ID,FEE_ID,PAYMENT_DATE,AMOUNT_PAID,METHOD) values (23,46,to_date('09-OCT-24','DD-MON-RR'),25000,'JazzCash');
Insert into PAYMENT (PAYMENT_ID,FEE_ID,PAYMENT_DATE,AMOUNT_PAID,METHOD) values (24,48,to_date('10-OCT-24','DD-MON-RR'),25000,'Cash');
Insert into PAYMENT (PAYMENT_ID,FEE_ID,PAYMENT_DATE,AMOUNT_PAID,METHOD) values (25,50,to_date('10-OCT-24','DD-MON-RR'),25000,'JazzCash');
Insert into PAYMENT (PAYMENT_ID,FEE_ID,PAYMENT_DATE,AMOUNT_PAID,METHOD) values (26,52,to_date('10-OCT-24','DD-MON-RR'),30000,'Cash');
Insert into PAYMENT (PAYMENT_ID,FEE_ID,PAYMENT_DATE,AMOUNT_PAID,METHOD) values (27,54,to_date('10-OCT-24','DD-MON-RR'),25000,'JazzCash');
Insert into PAYMENT (PAYMENT_ID,FEE_ID,PAYMENT_DATE,AMOUNT_PAID,METHOD) values (28,56,to_date('13-OCT-24','DD-MON-RR'),25000,'Cash');
Insert into PAYMENT (PAYMENT_ID,FEE_ID,PAYMENT_DATE,AMOUNT_PAID,METHOD) values (29,58,to_date('07-OCT-24','DD-MON-RR'),25000,'JazzCash');
Insert into PAYMENT (PAYMENT_ID,FEE_ID,PAYMENT_DATE,AMOUNT_PAID,METHOD) values (30,60,to_date('09-OCT-24','DD-MON-RR'),25000,'Cash');
Insert into PAYMENT (PAYMENT_ID,FEE_ID,PAYMENT_DATE,AMOUNT_PAID,METHOD) values (31,62,to_date('10-OCT-24','DD-MON-RR'),25000,'JazzCash');
Insert into PAYMENT (PAYMENT_ID,FEE_ID,PAYMENT_DATE,AMOUNT_PAID,METHOD) values (32,64,to_date('12-OCT-24','DD-MON-RR'),30000,'Cash');
Insert into PAYMENT (PAYMENT_ID,FEE_ID,PAYMENT_DATE,AMOUNT_PAID,METHOD) values (33,66,to_date('11-OCT-24','DD-MON-RR'),25000,'JazzCash');
Insert into PAYMENT (PAYMENT_ID,FEE_ID,PAYMENT_DATE,AMOUNT_PAID,METHOD) values (34,68,to_date('14-OCT-24','DD-MON-RR'),25000,'Cash');
Insert into PAYMENT (PAYMENT_ID,FEE_ID,PAYMENT_DATE,AMOUNT_PAID,METHOD) values (35,70,to_date('08-OCT-24','DD-MON-RR'),25000,'JazzCash');
Insert into PAYMENT (PAYMENT_ID,FEE_ID,PAYMENT_DATE,AMOUNT_PAID,METHOD) values (36,72,to_date('08-OCT-24','DD-MON-RR'),25000,'Cash');
Insert into PAYMENT (PAYMENT_ID,FEE_ID,PAYMENT_DATE,AMOUNT_PAID,METHOD) values (37,74,to_date('08-OCT-24','DD-MON-RR'),25000,'JazzCash');
Insert into PAYMENT (PAYMENT_ID,FEE_ID,PAYMENT_DATE,AMOUNT_PAID,METHOD) values (38,76,to_date('09-OCT-24','DD-MON-RR'),25000,'Cash');
Insert into PAYMENT (PAYMENT_ID,FEE_ID,PAYMENT_DATE,AMOUNT_PAID,METHOD) values (39,78,to_date('07-OCT-24','DD-MON-RR'),30000,'JazzCash');
Insert into PAYMENT (PAYMENT_ID,FEE_ID,PAYMENT_DATE,AMOUNT_PAID,METHOD) values (40,80,to_date('12-OCT-24','DD-MON-RR'),25000,'Cash');
Insert into PAYMENT (PAYMENT_ID,FEE_ID,PAYMENT_DATE,AMOUNT_PAID,METHOD) values (41,82,to_date('14-OCT-24','DD-MON-RR'),25000,'JazzCash');
Insert into PAYMENT (PAYMENT_ID,FEE_ID,PAYMENT_DATE,AMOUNT_PAID,METHOD) values (42,84,to_date('10-OCT-24','DD-MON-RR'),25000,'Cash');
Insert into PAYMENT (PAYMENT_ID,FEE_ID,PAYMENT_DATE,AMOUNT_PAID,METHOD) values (43,86,to_date('14-OCT-24','DD-MON-RR'),25000,'JazzCash');
Insert into PAYMENT (PAYMENT_ID,FEE_ID,PAYMENT_DATE,AMOUNT_PAID,METHOD) values (44,88,to_date('10-OCT-24','DD-MON-RR'),25000,'Cash');
Insert into PAYMENT (PAYMENT_ID,FEE_ID,PAYMENT_DATE,AMOUNT_PAID,METHOD) values (45,90,to_date('14-OCT-24','DD-MON-RR'),25000,'JazzCash');
Insert into PAYMENT (PAYMENT_ID,FEE_ID,PAYMENT_DATE,AMOUNT_PAID,METHOD) values (46,92,to_date('11-OCT-24','DD-MON-RR'),30000,'Cash');
Insert into PAYMENT (PAYMENT_ID,FEE_ID,PAYMENT_DATE,AMOUNT_PAID,METHOD) values (47,94,to_date('09-OCT-24','DD-MON-RR'),25000,'JazzCash');
Insert into PAYMENT (PAYMENT_ID,FEE_ID,PAYMENT_DATE,AMOUNT_PAID,METHOD) values (48,96,to_date('07-OCT-24','DD-MON-RR'),25000,'Cash');
Insert into PAYMENT (PAYMENT_ID,FEE_ID,PAYMENT_DATE,AMOUNT_PAID,METHOD) values (49,98,to_date('07-OCT-24','DD-MON-RR'),25000,'JazzCash');
Insert into PAYMENT (PAYMENT_ID,FEE_ID,PAYMENT_DATE,AMOUNT_PAID,METHOD) values (50,100,to_date('11-OCT-24','DD-MON-RR'),25000,'Cash');
Insert into PAYMENT (PAYMENT_ID,FEE_ID,PAYMENT_DATE,AMOUNT_PAID,METHOD) values (51,102,to_date('12-OCT-24','DD-MON-RR'),25000,'JazzCash');
Insert into PAYMENT (PAYMENT_ID,FEE_ID,PAYMENT_DATE,AMOUNT_PAID,METHOD) values (52,104,to_date('07-OCT-24','DD-MON-RR'),25000,'Cash');
Insert into PAYMENT (PAYMENT_ID,FEE_ID,PAYMENT_DATE,AMOUNT_PAID,METHOD) values (53,106,to_date('10-OCT-24','DD-MON-RR'),30000,'JazzCash');
Insert into PAYMENT (PAYMENT_ID,FEE_ID,PAYMENT_DATE,AMOUNT_PAID,METHOD) values (54,108,to_date('14-OCT-24','DD-MON-RR'),30000,'Cash');
Insert into PAYMENT (PAYMENT_ID,FEE_ID,PAYMENT_DATE,AMOUNT_PAID,METHOD) values (55,110,to_date('10-OCT-24','DD-MON-RR'),25000,'JazzCash');
Insert into PAYMENT (PAYMENT_ID,FEE_ID,PAYMENT_DATE,AMOUNT_PAID,METHOD) values (56,112,to_date('07-OCT-24','DD-MON-RR'),25000,'Cash');
Insert into PAYMENT (PAYMENT_ID,FEE_ID,PAYMENT_DATE,AMOUNT_PAID,METHOD) values (57,114,to_date('12-OCT-24','DD-MON-RR'),25000,'JazzCash');
Insert into PAYMENT (PAYMENT_ID,FEE_ID,PAYMENT_DATE,AMOUNT_PAID,METHOD) values (58,116,to_date('06-OCT-24','DD-MON-RR'),25000,'Cash');
Insert into PAYMENT (PAYMENT_ID,FEE_ID,PAYMENT_DATE,AMOUNT_PAID,METHOD) values (59,118,to_date('12-OCT-24','DD-MON-RR'),25000,'JazzCash');
Insert into PAYMENT (PAYMENT_ID,FEE_ID,PAYMENT_DATE,AMOUNT_PAID,METHOD) values (60,120,to_date('10-OCT-24','DD-MON-RR'),25000,'Cash');
Insert into PAYMENT (PAYMENT_ID,FEE_ID,PAYMENT_DATE,AMOUNT_PAID,METHOD) values (61,122,to_date('12-OCT-24','DD-MON-RR'),25000,'JazzCash');
Insert into PAYMENT (PAYMENT_ID,FEE_ID,PAYMENT_DATE,AMOUNT_PAID,METHOD) values (62,124,to_date('06-OCT-24','DD-MON-RR'),25000,'Cash');
Insert into PAYMENT (PAYMENT_ID,FEE_ID,PAYMENT_DATE,AMOUNT_PAID,METHOD) values (63,126,to_date('10-OCT-24','DD-MON-RR'),25000,'JazzCash');
Insert into PAYMENT (PAYMENT_ID,FEE_ID,PAYMENT_DATE,AMOUNT_PAID,METHOD) values (64,128,to_date('11-OCT-24','DD-MON-RR'),25000,'Cash');
Insert into PAYMENT (PAYMENT_ID,FEE_ID,PAYMENT_DATE,AMOUNT_PAID,METHOD) values (65,130,to_date('08-OCT-24','DD-MON-RR'),30000,'JazzCash');
Insert into PAYMENT (PAYMENT_ID,FEE_ID,PAYMENT_DATE,AMOUNT_PAID,METHOD) values (66,132,to_date('11-OCT-24','DD-MON-RR'),25000,'Cash');
Insert into PAYMENT (PAYMENT_ID,FEE_ID,PAYMENT_DATE,AMOUNT_PAID,METHOD) values (67,134,to_date('06-OCT-24','DD-MON-RR'),25000,'JazzCash');
Insert into PAYMENT (PAYMENT_ID,FEE_ID,PAYMENT_DATE,AMOUNT_PAID,METHOD) values (68,136,to_date('07-OCT-24','DD-MON-RR'),25000,'Cash');
Insert into PAYMENT (PAYMENT_ID,FEE_ID,PAYMENT_DATE,AMOUNT_PAID,METHOD) values (69,138,to_date('10-OCT-24','DD-MON-RR'),25000,'JazzCash');
Insert into PAYMENT (PAYMENT_ID,FEE_ID,PAYMENT_DATE,AMOUNT_PAID,METHOD) values (70,140,to_date('06-OCT-24','DD-MON-RR'),25000,'Cash');
Insert into PAYMENT (PAYMENT_ID,FEE_ID,PAYMENT_DATE,AMOUNT_PAID,METHOD) values (71,142,to_date('08-OCT-24','DD-MON-RR'),25000,'JazzCash');
Insert into PAYMENT (PAYMENT_ID,FEE_ID,PAYMENT_DATE,AMOUNT_PAID,METHOD) values (72,144,to_date('06-OCT-24','DD-MON-RR'),25000,'Cash');
Insert into PAYMENT (PAYMENT_ID,FEE_ID,PAYMENT_DATE,AMOUNT_PAID,METHOD) values (73,146,to_date('12-OCT-24','DD-MON-RR'),30000,'JazzCash');
Insert into PAYMENT (PAYMENT_ID,FEE_ID,PAYMENT_DATE,AMOUNT_PAID,METHOD) values (74,148,to_date('11-OCT-24','DD-MON-RR'),25000,'Cash');
Insert into PAYMENT (PAYMENT_ID,FEE_ID,PAYMENT_DATE,AMOUNT_PAID,METHOD) values (75,150,to_date('14-OCT-24','DD-MON-RR'),25000,'JazzCash');
Insert into PAYMENT (PAYMENT_ID,FEE_ID,PAYMENT_DATE,AMOUNT_PAID,METHOD) values (76,152,to_date('14-OCT-24','DD-MON-RR'),30000,'Cash');
Insert into PAYMENT (PAYMENT_ID,FEE_ID,PAYMENT_DATE,AMOUNT_PAID,METHOD) values (77,154,to_date('14-OCT-24','DD-MON-RR'),25000,'JazzCash');
Insert into PAYMENT (PAYMENT_ID,FEE_ID,PAYMENT_DATE,AMOUNT_PAID,METHOD) values (78,156,to_date('12-OCT-24','DD-MON-RR'),25000,'Cash');
Insert into PAYMENT (PAYMENT_ID,FEE_ID,PAYMENT_DATE,AMOUNT_PAID,METHOD) values (79,158,to_date('11-OCT-24','DD-MON-RR'),25000,'JazzCash');
Insert into PAYMENT (PAYMENT_ID,FEE_ID,PAYMENT_DATE,AMOUNT_PAID,METHOD) values (80,160,to_date('12-OCT-24','DD-MON-RR'),25000,'Cash');
Insert into PAYMENT (PAYMENT_ID,FEE_ID,PAYMENT_DATE,AMOUNT_PAID,METHOD) values (81,162,to_date('07-OCT-24','DD-MON-RR'),25000,'JazzCash');
Insert into PAYMENT (PAYMENT_ID,FEE_ID,PAYMENT_DATE,AMOUNT_PAID,METHOD) values (82,164,to_date('07-OCT-24','DD-MON-RR'),25000,'Cash');
Insert into PAYMENT (PAYMENT_ID,FEE_ID,PAYMENT_DATE,AMOUNT_PAID,METHOD) values (83,166,to_date('14-OCT-24','DD-MON-RR'),25000,'JazzCash');
Insert into PAYMENT (PAYMENT_ID,FEE_ID,PAYMENT_DATE,AMOUNT_PAID,METHOD) values (84,168,to_date('11-OCT-24','DD-MON-RR'),30000,'Cash');
Insert into PAYMENT (PAYMENT_ID,FEE_ID,PAYMENT_DATE,AMOUNT_PAID,METHOD) values (85,170,to_date('08-OCT-24','DD-MON-RR'),25000,'JazzCash');
Insert into PAYMENT (PAYMENT_ID,FEE_ID,PAYMENT_DATE,AMOUNT_PAID,METHOD) values (86,172,to_date('14-OCT-24','DD-MON-RR'),25000,'Cash');
Insert into PAYMENT (PAYMENT_ID,FEE_ID,PAYMENT_DATE,AMOUNT_PAID,METHOD) values (87,174,to_date('14-OCT-24','DD-MON-RR'),25000,'JazzCash');
Insert into PAYMENT (PAYMENT_ID,FEE_ID,PAYMENT_DATE,AMOUNT_PAID,METHOD) values (88,176,to_date('08-OCT-24','DD-MON-RR'),25000,'Cash');
Insert into PAYMENT (PAYMENT_ID,FEE_ID,PAYMENT_DATE,AMOUNT_PAID,METHOD) values (89,178,to_date('06-OCT-24','DD-MON-RR'),25000,'JazzCash');
Insert into PAYMENT (PAYMENT_ID,FEE_ID,PAYMENT_DATE,AMOUNT_PAID,METHOD) values (90,180,to_date('14-OCT-24','DD-MON-RR'),25000,'Cash');
Insert into PAYMENT (PAYMENT_ID,FEE_ID,PAYMENT_DATE,AMOUNT_PAID,METHOD) values (91,182,to_date('12-OCT-24','DD-MON-RR'),25000,'JazzCash');
Insert into PAYMENT (PAYMENT_ID,FEE_ID,PAYMENT_DATE,AMOUNT_PAID,METHOD) values (92,184,to_date('14-OCT-24','DD-MON-RR'),25000,'Cash');
Insert into PAYMENT (PAYMENT_ID,FEE_ID,PAYMENT_DATE,AMOUNT_PAID,METHOD) values (93,186,to_date('10-OCT-24','DD-MON-RR'),25000,'JazzCash');
Insert into PAYMENT (PAYMENT_ID,FEE_ID,PAYMENT_DATE,AMOUNT_PAID,METHOD) values (94,188,to_date('11-OCT-24','DD-MON-RR'),25000,'Cash');
Insert into PAYMENT (PAYMENT_ID,FEE_ID,PAYMENT_DATE,AMOUNT_PAID,METHOD) values (95,190,to_date('09-OCT-24','DD-MON-RR'),25000,'JazzCash');
Insert into PAYMENT (PAYMENT_ID,FEE_ID,PAYMENT_DATE,AMOUNT_PAID,METHOD) values (96,192,to_date('08-OCT-24','DD-MON-RR'),25000,'Cash');
Insert into PAYMENT (PAYMENT_ID,FEE_ID,PAYMENT_DATE,AMOUNT_PAID,METHOD) values (97,194,to_date('06-OCT-24','DD-MON-RR'),25000,'JazzCash');
Insert into PAYMENT (PAYMENT_ID,FEE_ID,PAYMENT_DATE,AMOUNT_PAID,METHOD) values (98,196,to_date('06-OCT-24','DD-MON-RR'),25000,'Cash');
Insert into PAYMENT (PAYMENT_ID,FEE_ID,PAYMENT_DATE,AMOUNT_PAID,METHOD) values (99,198,to_date('12-OCT-24','DD-MON-RR'),25000,'JazzCash');
Insert into PAYMENT (PAYMENT_ID,FEE_ID,PAYMENT_DATE,AMOUNT_PAID,METHOD) values (100,200,to_date('09-OCT-24','DD-MON-RR'),25000,'Cash');
Insert into PAYMENT (PAYMENT_ID,FEE_ID,PAYMENT_DATE,AMOUNT_PAID,METHOD) values (101,202,to_date('12-OCT-24','DD-MON-RR'),25000,'JazzCash');
Insert into PAYMENT (PAYMENT_ID,FEE_ID,PAYMENT_DATE,AMOUNT_PAID,METHOD) values (102,204,to_date('11-OCT-24','DD-MON-RR'),25000,'Cash');
Insert into PAYMENT (PAYMENT_ID,FEE_ID,PAYMENT_DATE,AMOUNT_PAID,METHOD) values (103,206,to_date('08-OCT-24','DD-MON-RR'),25000,'JazzCash');
Insert into PAYMENT (PAYMENT_ID,FEE_ID,PAYMENT_DATE,AMOUNT_PAID,METHOD) values (104,208,to_date('14-OCT-24','DD-MON-RR'),25000,'Cash');
Insert into PAYMENT (PAYMENT_ID,FEE_ID,PAYMENT_DATE,AMOUNT_PAID,METHOD) values (105,210,to_date('08-OCT-24','DD-MON-RR'),25000,'JazzCash');
Insert into PAYMENT (PAYMENT_ID,FEE_ID,PAYMENT_DATE,AMOUNT_PAID,METHOD) values (106,212,to_date('11-OCT-24','DD-MON-RR'),25000,'Cash');
Insert into PAYMENT (PAYMENT_ID,FEE_ID,PAYMENT_DATE,AMOUNT_PAID,METHOD) values (107,214,to_date('06-OCT-24','DD-MON-RR'),25000,'JazzCash');
Insert into PAYMENT (PAYMENT_ID,FEE_ID,PAYMENT_DATE,AMOUNT_PAID,METHOD) values (108,216,to_date('09-OCT-24','DD-MON-RR'),25000,'Cash');
Insert into PAYMENT (PAYMENT_ID,FEE_ID,PAYMENT_DATE,AMOUNT_PAID,METHOD) values (109,218,to_date('11-OCT-24','DD-MON-RR'),25000,'JazzCash');
Insert into PAYMENT (PAYMENT_ID,FEE_ID,PAYMENT_DATE,AMOUNT_PAID,METHOD) values (110,220,to_date('07-OCT-24','DD-MON-RR'),25000,'Cash');
Insert into PAYMENT (PAYMENT_ID,FEE_ID,PAYMENT_DATE,AMOUNT_PAID,METHOD) values (111,222,to_date('13-OCT-24','DD-MON-RR'),30000,'JazzCash');
Insert into PAYMENT (PAYMENT_ID,FEE_ID,PAYMENT_DATE,AMOUNT_PAID,METHOD) values (112,224,to_date('14-OCT-24','DD-MON-RR'),25000,'Cash');
Insert into PAYMENT (PAYMENT_ID,FEE_ID,PAYMENT_DATE,AMOUNT_PAID,METHOD) values (113,226,to_date('08-OCT-24','DD-MON-RR'),25000,'JazzCash');
Insert into PAYMENT (PAYMENT_ID,FEE_ID,PAYMENT_DATE,AMOUNT_PAID,METHOD) values (114,228,to_date('12-OCT-24','DD-MON-RR'),25000,'Cash');
Insert into PAYMENT (PAYMENT_ID,FEE_ID,PAYMENT_DATE,AMOUNT_PAID,METHOD) values (115,230,to_date('06-OCT-24','DD-MON-RR'),30000,'JazzCash');
Insert into PAYMENT (PAYMENT_ID,FEE_ID,PAYMENT_DATE,AMOUNT_PAID,METHOD) values (116,232,to_date('06-OCT-24','DD-MON-RR'),25000,'Cash');
REM INSERTING into PROGRAM
SET DEFINE OFF;
Insert into PROGRAM (PROGRAM_ID,PROGRAM_NAME,DURATION_SEMESTERS,DEPT_ID) values (101,'BS Computer Science',8,1);
Insert into PROGRAM (PROGRAM_ID,PROGRAM_NAME,DURATION_SEMESTERS,DEPT_ID) values (102,'BS Software Engineering',8,1);
Insert into PROGRAM (PROGRAM_ID,PROGRAM_NAME,DURATION_SEMESTERS,DEPT_ID) values (103,'BS Information Technology',8,1);
Insert into PROGRAM (PROGRAM_ID,PROGRAM_NAME,DURATION_SEMESTERS,DEPT_ID) values (201,'BBA',8,2);
Insert into PROGRAM (PROGRAM_ID,PROGRAM_NAME,DURATION_SEMESTERS,DEPT_ID) values (202,'BS Economics',8,3);
Insert into PROGRAM (PROGRAM_ID,PROGRAM_NAME,DURATION_SEMESTERS,DEPT_ID) values (203,'BS Mathematics',8,4);
Insert into PROGRAM (PROGRAM_ID,PROGRAM_NAME,DURATION_SEMESTERS,DEPT_ID) values (301,'BS Economics',8,3);
Insert into PROGRAM (PROGRAM_ID,PROGRAM_NAME,DURATION_SEMESTERS,DEPT_ID) values (302,'BS Political Science',8,3);
Insert into PROGRAM (PROGRAM_ID,PROGRAM_NAME,DURATION_SEMESTERS,DEPT_ID) values (303,'BS Sociology',8,3);
Insert into PROGRAM (PROGRAM_ID,PROGRAM_NAME,DURATION_SEMESTERS,DEPT_ID) values (401,'BS Mathematics',8,4);
Insert into PROGRAM (PROGRAM_ID,PROGRAM_NAME,DURATION_SEMESTERS,DEPT_ID) values (402,'BS Physics',8,4);
Insert into PROGRAM (PROGRAM_ID,PROGRAM_NAME,DURATION_SEMESTERS,DEPT_ID) values (403,'BS Chemistry',8,4);
Insert into PROGRAM (PROGRAM_ID,PROGRAM_NAME,DURATION_SEMESTERS,DEPT_ID) values (404,'BS Statistics',8,4);
Insert into PROGRAM (PROGRAM_ID,PROGRAM_NAME,DURATION_SEMESTERS,DEPT_ID) values (501,'B.Ed',4,5);
Insert into PROGRAM (PROGRAM_ID,PROGRAM_NAME,DURATION_SEMESTERS,DEPT_ID) values (502,'M.Ed',4,5);
Insert into PROGRAM (PROGRAM_ID,PROGRAM_NAME,DURATION_SEMESTERS,DEPT_ID) values (601,'BS English',8,6);
Insert into PROGRAM (PROGRAM_ID,PROGRAM_NAME,DURATION_SEMESTERS,DEPT_ID) values (602,'BS Urdu',8,6);
Insert into PROGRAM (PROGRAM_ID,PROGRAM_NAME,DURATION_SEMESTERS,DEPT_ID) values (701,'BS Accounting and Finance',8,2);
Insert into PROGRAM (PROGRAM_ID,PROGRAM_NAME,DURATION_SEMESTERS,DEPT_ID) values (702,'BBA (Business Administration)',8,2);
Insert into PROGRAM (PROGRAM_ID,PROGRAM_NAME,DURATION_SEMESTERS,DEPT_ID) values (801,'BS Agriculture',8,7);
Insert into PROGRAM (PROGRAM_ID,PROGRAM_NAME,DURATION_SEMESTERS,DEPT_ID) values (802,'BS Agriculture (Hons)',8,7);
Insert into PROGRAM (PROGRAM_ID,PROGRAM_NAME,DURATION_SEMESTERS,DEPT_ID) values (803,'BS Agriculture Business Management',8,7);
Insert into PROGRAM (PROGRAM_ID,PROGRAM_NAME,DURATION_SEMESTERS,DEPT_ID) values (901,'BS Chemistry',8,8);
Insert into PROGRAM (PROGRAM_ID,PROGRAM_NAME,DURATION_SEMESTERS,DEPT_ID) values (902,'BS Applied Chemistry',8,8);
Insert into PROGRAM (PROGRAM_ID,PROGRAM_NAME,DURATION_SEMESTERS,DEPT_ID) values (1001,'BS Microbiology',8,9);
Insert into PROGRAM (PROGRAM_ID,PROGRAM_NAME,DURATION_SEMESTERS,DEPT_ID) values (1002,'BS Biotechnology',8,9);
Insert into PROGRAM (PROGRAM_ID,PROGRAM_NAME,DURATION_SEMESTERS,DEPT_ID) values (1003,'BS Biochemistry & Biotechnology',8,9);
Insert into PROGRAM (PROGRAM_ID,PROGRAM_NAME,DURATION_SEMESTERS,DEPT_ID) values (1101,'BS Botany',8,18);
Insert into PROGRAM (PROGRAM_ID,PROGRAM_NAME,DURATION_SEMESTERS,DEPT_ID) values (1102,'BS Zoology',8,17);
Insert into PROGRAM (PROGRAM_ID,PROGRAM_NAME,DURATION_SEMESTERS,DEPT_ID) values (1201,'BS Psychology',8,10);
Insert into PROGRAM (PROGRAM_ID,PROGRAM_NAME,DURATION_SEMESTERS,DEPT_ID) values (1301,'BS Computer Science',8,1);
Insert into PROGRAM (PROGRAM_ID,PROGRAM_NAME,DURATION_SEMESTERS,DEPT_ID) values (1302,'BS Information Technology',8,1);
Insert into PROGRAM (PROGRAM_ID,PROGRAM_NAME,DURATION_SEMESTERS,DEPT_ID) values (1303,'BS Computing and Information Technology',8,1);
Insert into PROGRAM (PROGRAM_ID,PROGRAM_NAME,DURATION_SEMESTERS,DEPT_ID) values (1401,'BS Mathematics',8,16);
Insert into PROGRAM (PROGRAM_ID,PROGRAM_NAME,DURATION_SEMESTERS,DEPT_ID) values (1501,'BS Economics',8,3);
Insert into PROGRAM (PROGRAM_ID,PROGRAM_NAME,DURATION_SEMESTERS,DEPT_ID) values (1601,'BS Education',8,5);
Insert into PROGRAM (PROGRAM_ID,PROGRAM_NAME,DURATION_SEMESTERS,DEPT_ID) values (1701,'BS English',8,6);
Insert into PROGRAM (PROGRAM_ID,PROGRAM_NAME,DURATION_SEMESTERS,DEPT_ID) values (1702,'BS English (Language & Literature)',8,6);
Insert into PROGRAM (PROGRAM_ID,PROGRAM_NAME,DURATION_SEMESTERS,DEPT_ID) values (1703,'BS Applied Linguistics',8,6);
Insert into PROGRAM (PROGRAM_ID,PROGRAM_NAME,DURATION_SEMESTERS,DEPT_ID) values (1801,'BS Environmental Sciences',8,11);
Insert into PROGRAM (PROGRAM_ID,PROGRAM_NAME,DURATION_SEMESTERS,DEPT_ID) values (1802,'BS Food Science and Technology',8,12);
Insert into PROGRAM (PROGRAM_ID,PROGRAM_NAME,DURATION_SEMESTERS,DEPT_ID) values (1901,'BS International Relations',8,13);
Insert into PROGRAM (PROGRAM_ID,PROGRAM_NAME,DURATION_SEMESTERS,DEPT_ID) values (1902,'BS Political Science & International Relations',8,13);
Insert into PROGRAM (PROGRAM_ID,PROGRAM_NAME,DURATION_SEMESTERS,DEPT_ID) values (2001,'BS Islamic Studies',8,14);
Insert into PROGRAM (PROGRAM_ID,PROGRAM_NAME,DURATION_SEMESTERS,DEPT_ID) values (2101,'BS Public Administration',8,15);
Insert into PROGRAM (PROGRAM_ID,PROGRAM_NAME,DURATION_SEMESTERS,DEPT_ID) values (2102,'BS Public Administration & Governance',8,15);
Insert into PROGRAM (PROGRAM_ID,PROGRAM_NAME,DURATION_SEMESTERS,DEPT_ID) values (2201,'BS Urdu',8,19);
REM INSERTING into SECTION
SET DEFINE OFF;
Insert into SECTION (SECTION_ID,SECTION_NAME,PROGRAM_ID) values (1,'A',101);
Insert into SECTION (SECTION_ID,SECTION_NAME,PROGRAM_ID) values (2,'B',101);
Insert into SECTION (SECTION_ID,SECTION_NAME,PROGRAM_ID) values (3,'A',102);
Insert into SECTION (SECTION_ID,SECTION_NAME,PROGRAM_ID) values (4,'B',102);
Insert into SECTION (SECTION_ID,SECTION_NAME,PROGRAM_ID) values (5,'A',103);
Insert into SECTION (SECTION_ID,SECTION_NAME,PROGRAM_ID) values (6,'B',103);
Insert into SECTION (SECTION_ID,SECTION_NAME,PROGRAM_ID) values (7,'A',201);
Insert into SECTION (SECTION_ID,SECTION_NAME,PROGRAM_ID) values (8,'B',201);
Insert into SECTION (SECTION_ID,SECTION_NAME,PROGRAM_ID) values (9,'A',202);
Insert into SECTION (SECTION_ID,SECTION_NAME,PROGRAM_ID) values (10,'B',202);
Insert into SECTION (SECTION_ID,SECTION_NAME,PROGRAM_ID) values (11,'A',203);
Insert into SECTION (SECTION_ID,SECTION_NAME,PROGRAM_ID) values (12,'B',203);
Insert into SECTION (SECTION_ID,SECTION_NAME,PROGRAM_ID) values (13,'A',301);
Insert into SECTION (SECTION_ID,SECTION_NAME,PROGRAM_ID) values (14,'B',301);
Insert into SECTION (SECTION_ID,SECTION_NAME,PROGRAM_ID) values (15,'A',302);
Insert into SECTION (SECTION_ID,SECTION_NAME,PROGRAM_ID) values (16,'B',302);
Insert into SECTION (SECTION_ID,SECTION_NAME,PROGRAM_ID) values (17,'A',303);
Insert into SECTION (SECTION_ID,SECTION_NAME,PROGRAM_ID) values (18,'B',303);
REM INSERTING into SEMESTER
SET DEFINE OFF;
Insert into SEMESTER (SEMESTER_ID,NAME,START_DATE,END_DATE) values (1,'Fall 2024',to_date('01-SEP-24','DD-MON-RR'),to_date('31-DEC-24','DD-MON-RR'));
Insert into SEMESTER (SEMESTER_ID,NAME,START_DATE,END_DATE) values (2,'Spring 2025',to_date('01-FEB-25','DD-MON-RR'),to_date('30-JUN-25','DD-MON-RR'));
Insert into SEMESTER (SEMESTER_ID,NAME,START_DATE,END_DATE) values (3,'Fall 2023',to_date('01-JUL-23','DD-MON-RR'),to_date('31-AUG-27','DD-MON-RR'));
REM INSERTING into STUDENT
SET DEFINE OFF;
Insert into STUDENT (STUDENT_ROLLNO,FULL_NAME,FATHER_NAME,GENDER,EMAIL,CITY,DEPT_ID,SR_NO) values ('BSAGM-AE-24-71','Muhammad Saqlain','Muhammad Mushtaq','Male','khansaqli61@gmail.com','Layyah',7,23);
Insert into STUDENT (STUDENT_ROLLNO,FULL_NAME,FATHER_NAME,GENDER,EMAIL,CITY,DEPT_ID,SR_NO) values ('UL-BSAGM-B-24-67','MARYAM JAVED','Tariq Javed','Female','sharif.3.3.1996@gmail.com','KotAddu',7,26);
Insert into STUDENT (STUDENT_ROLLNO,FULL_NAME,FATHER_NAME,GENDER,EMAIL,CITY,DEPT_ID,SR_NO) values ('Ul-PAG-24-50','Muhammad Fardeen Kashif','Muhammad Kashif Javed','Male','leiah0512@gmail.com','Layyah',15,29);
Insert into STUDENT (STUDENT_ROLLNO,FULL_NAME,FATHER_NAME,GENDER,EMAIL,CITY,DEPT_ID,SR_NO) values ('UL-BSCSM-B-24-28','Muhammad Asim','Muhammad Suleman','Male','masimqureshi855@gmail.com','Layyah',1,32);
Insert into STUDENT (STUDENT_ROLLNO,FULL_NAME,FATHER_NAME,GENDER,EMAIL,CITY,DEPT_ID,SR_NO) values ('BBA-B-24-02','Muhammad Shoaib','Muhammad Iqbal','Male','muhammadshoaib0147@gmail.com','Layyah',1,38);
Insert into STUDENT (STUDENT_ROLLNO,FULL_NAME,FATHER_NAME,GENDER,EMAIL,CITY,DEPT_ID,SR_NO) values ('BSBT-24-02','Kinza Alam','Shah Alam','Female','kinzamerani2327@gmail.com','Layyah',1,40);
Insert into STUDENT (STUDENT_ROLLNO,FULL_NAME,FATHER_NAME,GENDER,EMAIL,CITY,DEPT_ID,SR_NO) values ('6580263410200013','Zuhaa shabbir','Shabbir khan','Female','zohii672@gmail.com','Layyah',1,45);
Insert into STUDENT (STUDENT_ROLLNO,FULL_NAME,FATHER_NAME,GENDER,EMAIL,CITY,DEPT_ID,SR_NO) values ('UL-BSIT-24-45','Muhammad Sulaman','Imam Bakhsh','Male','mmessium1526@gmail.com','Layyah',1,46);
Insert into STUDENT (STUDENT_ROLLNO,FULL_NAME,FATHER_NAME,GENDER,EMAIL,CITY,DEPT_ID,SR_NO) values ('UL-BSAGM-B-24-60','RAHEELA JAVED','Tariq Javed','Female','rahelamaryam77@gmail.com','KotAddu',7,47);
Insert into STUDENT (STUDENT_ROLLNO,FULL_NAME,FATHER_NAME,GENDER,EMAIL,CITY,DEPT_ID,SR_NO) values ('UL-BSCS-M-A-24-03','Muhammad Majid Maqbool','Muhammad Maqbool','Male','majidcs.24.3@gmail.com','Layyah',1,49);
Insert into STUDENT (STUDENT_ROLLNO,FULL_NAME,FATHER_NAME,GENDER,EMAIL,CITY,DEPT_ID,SR_NO) values ('BSPA-24-23','Muniba Nazar','Malik Nazar Hussain','Female','munibanazar339@gmail.com','Layyah',15,50);
Insert into STUDENT (STUDENT_ROLLNO,FULL_NAME,FATHER_NAME,GENDER,EMAIL,CITY,DEPT_ID,SR_NO) values ('BSITM-A-24-97','ZAREEF IJAZ','IJAZ HUSSAIN SHAH','Male','zarefijaz@gmail.com','Layyah',1,53);
Insert into STUDENT (STUDENT_ROLLNO,FULL_NAME,FATHER_NAME,GENDER,EMAIL,CITY,DEPT_ID,SR_NO) values ('UL-BSCSM-A-24-8','Muqadas Rafiq','Muhammad Rafiq','Female','muqadasrafiq156@gmail.com','Layyah',1,56);
Insert into STUDENT (STUDENT_ROLLNO,FULL_NAME,FATHER_NAME,GENDER,EMAIL,CITY,DEPT_ID,SR_NO) values ('UL-BSCS-M-A-24-45','Zeeshan Mazhar','Mazhar Abbas','Male','zeeshanmazhar09876@gmail.com','Dera Ghazi Khan',1,59);
Insert into STUDENT (STUDENT_ROLLNO,FULL_NAME,FATHER_NAME,GENDER,EMAIL,CITY,DEPT_ID,SR_NO) values ('UL-Bs-MICB-24-6','Areeba Iqbal','Muhammad Iqbal','Female','awaisbaryal25@gmail.com','Layyah',1,61);
Insert into STUDENT (STUDENT_ROLLNO,FULL_NAME,FATHER_NAME,GENDER,EMAIL,CITY,DEPT_ID,SR_NO) values ('BSCS-M-50','Khansa hakim','Hakim Ali','Female','aliraza000156@gmail.com','Layyah',1,68);
REM INSERTING into USERS
SET DEFINE OFF;
Insert into USERS (USER_ID,USERNAME,PASSWORD_HASH,ROLE,STATUS,FACULTY_ID,SR_NO) values (1,'student26','hash_placeholder_26','Student','Active',null,26);
Insert into USERS (USER_ID,USERNAME,PASSWORD_HASH,ROLE,STATUS,FACULTY_ID,SR_NO) values (2,'student32','hash_placeholder_32','Student','Active',null,32);
Insert into USERS (USER_ID,USERNAME,PASSWORD_HASH,ROLE,STATUS,FACULTY_ID,SR_NO) values (3,'student46','hash_placeholder_46','Student','Active',null,46);
Insert into USERS (USER_ID,USERNAME,PASSWORD_HASH,ROLE,STATUS,FACULTY_ID,SR_NO) values (4,'student47','hash_placeholder_47','Student','Active',null,47);
Insert into USERS (USER_ID,USERNAME,PASSWORD_HASH,ROLE,STATUS,FACULTY_ID,SR_NO) values (5,'student56','hash_placeholder_56','Student','Active',null,56);
